collected_at_utc,appid,news_gid,published_at_utc,feedlabel,title,url,snippet
2026-09-28T10:10:06+00:00,570,1843481262705400,2026-09-15T18:44:25+00:00,Community Announcements,7.41f Gameplay Patch,https://steamstore-a.akamaihd.net/news/externalpost/steam_community_announcements/1843481262705400,"Patch 7.41f is out now and you can check out the patch notes here. In addition, we've recently addressed the following issues: Fixed spot on map near the top Roshan Pit where a hero could hide within the geometry of the cave Fixed being able to mark items for sale that are normally unsellable during their initial sellback period Fixed Tranquil Boots not going on cooldown when disassembled from stash Fixed Bane's Nightmare removing vision from debuff immune targets Fixed Bounty Hunter's Big Game "
2026-09-28T10:10:06+00:00,570,1842212951298513,2026-08-27T01:07:42+00:00,Community Announcements,The International 2026 Grand Champions,https://steamstore-a.akamaihd.net/news/externalpost/steam_community_announcements/1842212951298513,"Congratulations to Team Spirit, Grand Champions at The International 2026. After enduring a challenging year, Team Spirit regained their ultimate form just in time to take a five-game Grand Finals slugfest and claim the Aegis of Champions in Shanghai.Spirit's Group Stage started strong, with 2-0 victories over both Xtreme Gaming and Aurora Gaming. They followed with 2-1 win over Team Liquid that put Spirit just one series win away from qualifying for the main stage. They wouldn't get it. Instead"
2026-09-28T10:10:06+00:00,570,1841579228666735,2026-08-20T20:21:56+00:00,PC Gamer,'Dude no joke looks like Hugh Jackman now': The internet is swooning over Gabe Newell's svelte new look at The International,https://steamstore-a.akamaihd.net/news/externalpost/PC Gamer/1841579228666735,"Valve honcho Gabe Newell recorded a video to kick off The International 2026, the latest edition of Valve's annual <a href=""https://www.pcgamer.com/dota-2/"" target=""_blank"">Dota 2</a> championship tournament, and as noticed by <a href=""https://www.gamesradar.com/games/valve-chief-gabe-newell-makes-a-rare-public-appearance-as-new-chad-gabe-and-rings-in-dota-2s-biggest-tournament/"" target=""_blank"">GamesRadar</a>, the reaction to it is pleasingly wholesome... <a href=""https://www.pcgamer.com/games/"
2026-09-28T10:10:06+00:00,570,1841579228661427,2026-08-19T02:46:04+00:00,Community Announcements,The International Main Event,https://steamstore-a.akamaihd.net/news/externalpost/steam_community_announcements/1841579228661427,"The sixteen best Dota teams in the world spent the last week battling through an intense Group Stage, and now only eight contenders remain. In a matter of hours Team Vision, Team Liquid, Nigma Galaxy, Team Falcons, BoomBoys, Team Spirit, Iron Wing, and Team Yandex will begin the final push to claim the Aegis of Champions as they all fight to be the last team standing at The International 2026.The double elimination bracket that will crown our champions kicks off at SPD Bank Oriental Sports Cente"
2026-09-28T10:10:06+00:00,570,1840944183772671,2026-08-12T00:28:39+00:00,Community Announcements,"The International: Streams, Secret Shop, and More",https://steamstore-a.akamaihd.net/news/externalpost/steam_community_announcements/1840944183772671,"It's the final countdown: Players and talent have landed, and all of the pieces are falling into place to make Shanghai the center of the Dota universe for the next two weeks. It's time to finish crafting your fantasy rosters, lock in your first round of predictions, and get ready to tune in because The International 2026 is almost underway.Whether you're looking to watch online, find Dota activities in Shanghai to keep you busy until streams start, or looking for merch you can wear while you're"
2026-09-28T10:10:06+00:00,570,1839676055886687,2026-07-30T23:58:15+00:00,Community Announcements,Gameplay Patch 7.41e and Summer Scrub,https://steamstore-a.akamaihd.net/news/externalpost/steam_community_announcements/1839676055886687,"{STEAM_CLAN_LOC_IMAGE}/3703047/5179a724ee3987b0b0dab399b9ef2eaba7b2abf4.png The International approaches and we've just released an update that includes predictions, fantasy, supporter bundles, and a chance to prove your skills and win new Immortals and unlock terrains. But that's not all. Today we're also releasing patch 7.41e. Even that's not everything, though. Dota is a complicated game, and while we greatly enjoy the creativity and diligence of the dedicated players who find intricate and a"
2026-09-28T10:10:06+00:00,570,1839676055886685,2026-07-30T23:57:48+00:00,Community Announcements,"The International: Predictions, Fantasy, and Supporter Bundles",https://steamstore-a.akamaihd.net/news/externalpost/steam_community_announcements/1839676055886685,"{STEAM_CLAN_LOC_IMAGE}/3703047/5c825b3d35627bfc4276c013745aa6fd4de935ea.png Nearly a year has passed since Team Falcons hoisted the Aegis of Champions as the final team standing in Hamburg. But that was last year's story, and the time has come to turn our thoughts to Shanghai and the crop of competitors who vie to write the tale of this year. All of their battles have brought them to the precipice. The International is just two weeks away. After a decisive month of intense qualifiers, dominant p"
2026-09-28T10:10:06+00:00,570,1836506165566626,2026-07-01T23:26:01+00:00,Community Announcements,Dota 2 Update - 7/1/2026,https://steamstore-a.akamaihd.net/news/externalpost/steam_community_announcements/1836506165566626,"Over the past few days we've made various bug fixes and improvements: Dark Carnival Playing Regular and Turbo games now reward Scrap tickets. 6 Scrap can be traded for a Hero ticket of your choice. Regular games reward 2, Turbo games reward 1. Scrap is rewarded regardless of winning or losing. Seeing Stones can now be earned by playing Co-op Bot Matches on Hard and Unfair difficulties Candyworks now displays if an offered item is already owned The Dark Carnival Hero Filter button now shows a too"
2026-09-28T10:10:06+00:00,570,1836506165554448,2026-06-26T15:55:18+00:00,PCGamesN,"Dota 2's Dark Carnival has begun, with a huge story chapter and five automaton hero personas",https://steamstore-a.akamaihd.net/news/externalpost/PCGamesN/1836506165554448,"At last, weeks of speculation and mystery can finally be put to bed: the Dota 2 Dark Carnival has begun. Valve's latest big event is here, and as many were hoping (myself included), it's a full-scale story campaign in a similar format to 2024's Crownfall. This time, the tale opens with Legion Commander and Hoodwink trapped on board a clanking circus train, imprisoned by the dastardly Ringmaster. Read the full story on PCGamesN: <a href=""https://www.pcgamesn.com/dota-2/dark-carnival-story-event"">"
2026-09-28T10:10:06+00:00,570,1836506165551627,2026-06-25T19:55:51+00:00,Community Announcements,The Dark Carnival,https://steamstore-a.akamaihd.net/news/externalpost/steam_community_announcements/1836506165551627,"{STEAM_CLAN_LOC_IMAGE}/3703047/7942925df6ae43659acf60f2d2ff827461c02485.png Don't you hate it when you wake up in a prison car with no memory of how you got there and, worse, no way to escape, only to discover you've been captured by an evil puppet-man as part of some dark bargain with an ancient world-conquering evil? We've all been there. We're pulling back the curtain on the Dark Carnival, a new ongoing event in the Dota universe. This first part, ""Midnight Run"", lets you navigate Legion Comm"
2026-09-28T10:10:06+00:00,570,1836506165551262,2026-06-25T16:27:45+00:00,PCGamesN,"After mysteriously vanishing from the game, Dota 2's Axe has been 'replaced' by a fake",https://steamstore-a.akamaihd.net/news/externalpost/PCGamesN/1836506165551262,"Dota 2 has a new hero - or should that be an old one? It's tough to be sure. If you logged into the Valve MOBA this week, you might have been surprised to find that Axe, one of its longest-standing and most iconic faces, was completely absent from the roster. You couldn't play him, and his spot in the lineup was replaced by the sort of poster you might find asking for help finding a missing person. All of a sudden, however, Axe has returned, just as quickly as he left... but something's not quit"
2026-09-28T10:10:06+00:00,570,1835871199309769,2026-06-20T15:30:55+00:00,PCGamesN,"Valve calls out Dota 2 dataminers desperate for Dark Carnival news: ""Why are you guys reading our variable names?""",https://steamstore-a.akamaihd.net/news/externalpost/PCGamesN/1835871199309769,"Rumors of a new Dota 2 event called Dark Carnival have been swirling among the MOBA's community for several months, with the leading speculation being that Valve is preparing a new, large-scale feature in the vein of 2024's Crownfall. Lately, in-game signs have suggested that something, at least, is on the horizon, and now eager dataminers have dug out a fresh line in the game's code that doubles down on that promise. In response, Valve has promptly changed the wording, turning it into a direct "
2026-09-28T10:10:06+00:00,570,1834602721190708,2026-06-05T12:02:59+00:00,PCGamesN,"A new Dota 2 update buffs Nature's Prophet and Arc Warden, but everyone's talking about a mysterious Axe 'change'",https://steamstore-a.akamaihd.net/news/externalpost/PCGamesN/1834602721190708,"Fresh Dota 2 patch notes have just dropped, and that means the meta will start to creak and shift under the weight of Valve's latest balance adjustments. There are some welcome changes in Dota 2 update 7.41d, along with a few that I'm sure people will question, and even a nice quality-of-life buff. The line that's got people talking, however, is a mysterious footnote for Axe that doesn't appear to have any current meaning. Is it a clue hinting at the next addition to the MOBA? My heart tells me "
2026-09-28T10:10:06+00:00,570,1834602721189111,2026-06-05T00:45:14+00:00,Community Announcements,7.41d Gameplay Patch,https://steamstore-a.akamaihd.net/news/externalpost/steam_community_announcements/1834602721189111,"Patch 7.41d is out now and you can check out the patch notes here. In addition, we've recently addressed the following issues: Fixed Greevils not spawning their equipped effects Fixed Earthshaker's Planetfall Arcana not tracking combos and combo damage properly Fixed right click on Dota Labs Overlay Map not working when ""Auto-Repeat Right Mouse"" is enabled Fixed Bottle with a stored Rune being able to be moved in and out of the backpack Fixed Harmonizer not considering abilities with charges on "
2026-09-28T10:10:06+00:00,570,1833334318578495,2026-05-26T04:09:28+00:00,Community Announcements,The International 2026 Ticket Sales,https://steamstore-a.akamaihd.net/news/externalpost/steam_community_announcements/1833334318578495,"{STEAM_CLAN_IMAGE}/3703047/882f6398bbe0c283cb33d57a3c18160c5d5a9f00.png In just a few short months, the finest Dota teams in the world will gather in Shanghai to battle for the Aegis of Champions in front of thousands of cheering fans. We've announced the official team invitations, and now we'd like to extend one to you. If you want to be one of those fans cheering live at the arena, it's time to get ready: ticket sales for The International 2026 kick off on June 10th at 2pm China Standard Time."
2026-09-28T10:10:06+00:00,570,1833334318578465,2026-05-26T03:30:03+00:00,Community Announcements,The International 2026 Invitations and Qualifiers,https://steamstore-a.akamaihd.net/news/externalpost/steam_community_announcements/1833334318578465,"{STEAM_CLAN_IMAGE}/3703047/1477d1a3748ef268c4b431dd4af64cf4ad8ffdd7.png Throughout the year, Dota teams around the world battle to prove themselves worthy of direct invitation to The International — and a chance to compete for the Aegis of Champions on the world's biggest stage. Teams that secure invites can begin to focus on their final preparations, while the remaining contenders face one last chance to fight their way in. Direct Invites With less than three months until we raise the curtains "
2026-09-28T10:10:06+00:00,570,1832065502811921,2026-05-07T12:20:03+00:00,PCGamesN,"Dota 2 patch 7.41c is awful news for Batrider and Puck, and keeps Roshan under wraps",https://steamstore-a.akamaihd.net/news/externalpost/PCGamesN/1832065502811921,"New <strong>Dota 2 7.41c</strong> patch notes have arrived to shake up the meta once again, and Valve is bringing some of the most impactful heroes in line with targeted nerfs across the roster. We're still recovering from the grand shakeup of 7.41, which removed Facets from the game altogether, but it feels like the team is honing in on that balancing sweet spot once more. That doesn't mean it's resting easy, with 81 heroes receiving adjustments in the <a href=""https://www.pcgamesn.com/which-be"
2026-09-28T10:10:06+00:00,570,1832065502810383,2026-05-06T22:17:55+00:00,Community Announcements,7.41c Gameplay Patch,https://steamstore-a.akamaihd.net/news/externalpost/steam_community_announcements/1832065502810383,"Patch 7.41c is out now and you can check out the patch notes here. In addition, over the last few days we've addressed the following issues: Fixed illusions not duplicating the correct level of neutral item enchantment Fixed Bloodstone's Bloodpact having a superfluous stack counter Fixed Conjurer's Catalyst getting into a state where it never triggers Fixed Consecrated Wraps having varying sell cost based on how many charges are active Fixed Crella's Crozier Rite of Rumusque healing for more tha"
2026-09-28T10:10:06+00:00,570,1831432155579907,2026-05-05T12:09:08+00:00,PCGamesN,"Beloved Dota 2 esports team Heroic has just disbanded, saying it's a ""tough game to commercialize""",https://steamstore-a.akamaihd.net/news/externalpost/PCGamesN/1831432155579907,"<strong>Dota 2</strong> esports is in an odd place. Once the premier sphere, it's been overtaken by the mammoth that is League of Legends - a beast that isn't showing any signs of slowing down. While Dota 2 remains huge in the East, its Western appeal has started to falter over the years, partly because it doesn't quite have the same content release cadence as other <a href=""https://www.pcgamesn.com/which-best-moba"">MOBAs</a>, and partly because there's that big shiny thing called 'Deadlock' in "
2026-09-28T10:10:06+00:00,570,1831432155578766,2026-05-04T22:12:15+00:00,Community Announcements,The International Team Registration,https://steamstore-a.akamaihd.net/news/externalpost/steam_community_announcements/1831432155578766,"{STEAM_CLAN_IMAGE}/3703047/221cbdb6394fb7f0d037aada83d1312b0f59f869.png The International is getting closer. After many years, Dota's ultimate proving ground is returning to China and returning to August, which is now just a few short months away. In preparation, we've updated the registration process for any teams interested in participating in The International this year. All interested teams must sign up through the Dota pro team registration site. A manager must first register their team, an"
2026-09-28T10:10:06+00:00,730,1844751498226015,2026-09-25T21:54:54+00:00,Community Announcements,Counter-Strike 2 Update,https://steamstore-a.akamaihd.net/news/externalpost/steam_community_announcements/1844751498226015,\Various gap fixes and clipping adjustments.\Fixed some cases where loud reloads would persist while trying to stealth reload.\Added sv_clantags_enabled option so custom servers can disable clan tags.The eggs of background players in main menu lobbies now rest in nests.
2026-09-28T10:10:06+00:00,730,1844751498222773,2026-09-24T21:51:38+00:00,Community Announcements,Counter-Strike 2 Update,https://steamstore-a.akamaihd.net/news/externalpost/steam_community_announcements/1844751498222773,\Added a better description of the rules to the loading screen.Adjusted rules for determining when to kick players due to team damage.Various clipping adjustments.\Fixed a case where it was possible to get a slightly faster silent reload by tapping the reload button before holding it.Fixed a case where it was possible to use silent reload to fire shotguns faster than normal.\Fixed a case where the AK-47 inspect animation sometimes popped.
2026-09-28T10:10:06+00:00,730,1844751498219795,2026-09-23T23:07:24+00:00,Community Announcements,Counter-Strike 2 Update,https://steamstore-a.akamaihd.net/news/externalpost/steam_community_announcements/1844751498219795,"\Increased the maximum countdown-after-elimination time from 7 seconds to 14 seconds on end rooms and Convoy.The countdown-after-elimination time does not activate in cases where an entire team dies to suicides, team kills, and/or disconnects.Warmup time once all players have connected, freeze time, and technical timeout time are all reduced.Various gap fixes and clipping adjustments.\Some additional information about the new crosshair system:The new crosshair thickness and length units are in p"
2026-09-28T10:10:06+00:00,730,1844751498218029,2026-09-23T10:25:09+00:00,GamingOnLinux,Counter-Strike 2 adds an intense fast-paced 3v3 'Rush' game mode,https://steamstore-a.akamaihd.net/news/externalpost/GamingOnLinux/1844751498218029,"This new Rush mode might be my favourite way to play Counter-Strike 2, giving you a faster-paced experience with shorter matches. Read the full article here: https://www.gamingonlinux.com/2026/09/counter-strike-2-adds-an-intense-fast-paced-3v3-rush-game-mode/"
2026-09-28T10:10:06+00:00,730,1844751498217397,2026-09-23T05:03:25+00:00,PlayGround.ru - официальная группа,"Большое обновление для Counter-Strike 2 принесло в игру новый режим, бесшумную перезарядку и яйца",https://steamstore-a.akamaihd.net/news/externalpost/PlayGround.ru - официальная группа/1844751498217397,"Тактический шутер Counter-Strike 2 получил очередной апдейт. В отличие от предыдущих балансных патчей, в этот раз разработчики из Valve решили удивить игроков, и обновление получилось действительно масштабным на нововведения. Апдейт весом 4,7 ГБ не только принес новый контент в игру, но и изменил привычные моменты, которые многие пользователи уже посчитали кардинально ломающими привычный соревновательный процесс. Главные споры в сообществе вызвали нововведения в механике скрытности: Теперь игрок"
2026-09-28T10:10:06+00:00,730,1844751498216926,2026-09-22T23:38:37+00:00,Community Announcements,Rush Hour,https://steamstore-a.akamaihd.net/news/externalpost/steam_community_announcements/1844751498216926,"Put your foot on the gas and floor it. Welcome to Rush, a new fast-paced 3v3 queued mode for CS2. Experience the push and pull as you advance through a gauntlet of randomly-selected battle arenas, and dominate your opponent to win the match! Make the most of your limited budget and precious time to clear the objective. Control the tower when you eliminate the enemy team (or time expires) to win the round. https://clan.fastly.steamstatic.com/images/3381077/4ccfe4f44119ac6ddd5cd39d24c907dd11f4c70a"
2026-09-28T10:10:06+00:00,730,1844751498216924,2026-09-22T23:37:36+00:00,Community Announcements,Counter-Strike 2 Update,https://steamstore-a.akamaihd.net/news/externalpost/steam_community_announcements/1844751498216924,"\Updated the map selection process to give players more opportunities to play maps they've been learning.Map selection process:Team 1 picks one mapTeam 2 picks two mapsTeam 1 picks a final map. One of the four maps will be randomly selected and the match will begin.\Rush is a fast-paced queued 3v3 game mode. Players battle through a series of battle arenas to reach the opponent's castle and win the match.Battle arenas are randomly selected for each match, so no two matches are the same.Control t"
2026-09-28T10:10:06+00:00,730,1844115010499298,2026-09-19T18:15:29+00:00,PlayGround.ru - официальная группа,Создатель Counter-Strike объяснил исчезновение классического режима со спасением заложников из-за киберспорта,https://steamstore-a.akamaihd.net/news/externalpost/PlayGround.ru - официальная группа/1844115010499298,"Соавтор оригинальной Counter-Strike Мин Ли рассказал о причинах постепенного заката классического режима со спасением заложников, который стоял у истоков культовой франшизы. В рамках интервью независимому блогеру разработчик отметил, что стремительное развитие соревновательной сцены вынесло приговор сценариям с префиксом cs_, сместив весь фокус компании Valve и игрового сообщества на разминирование бомбы. Изначальная концепция командного шутера в 1999 году строилась именно вокруг спецопераций по"
2026-09-28T10:10:06+00:00,730,1843481262690556,2026-09-09T22:51:08+00:00,Community Announcements,Counter-Strike 2 Update,https://steamstore-a.akamaihd.net/news/externalpost/steam_community_announcements/1843481262690556,"\CacheFixed various gaps in map.Fixed a wallbang spot on B site.Added a missing competitive CT spawn point.Added additional T spawn points.\Reworked CSPlayerCamera:Renamed it to CustomPlayerCamera.Added GetPlayer, GetMode, SetMode, and SetFollowConfig.Deprecated IsEnabled, SetEnabled, and SetIsControllingAngles.Added an 'observable' property to custom_hud_layout that controls whether an observer sees the UI as the spectated player sees it. Defaults to false.Fixed several bugs related to stale cu"
2026-09-28T10:10:06+00:00,730,1841579228676851,2026-08-24T23:39:20+00:00,Community Announcements,Counter-Strike 2 Update,https://steamstore-a.akamaihd.net/news/externalpost/steam_community_announcements/1841579228676851,"\Added custom_hud_layout entity:custom_hud_layouts are the entry point for scripted maps to provide custom UI.Panel, Label, Image, and Button panel types are supported.Styling with css is supported.Events and client side scripting are not supported.Maintains state during tools mode reloads.Added cs_player_camera entity:Gives control of a player's view without moving their pawn.Can be configured to let the player look around from the scripted position.Added Instance.DelayAdded Instance.OnBombPlan"
2026-09-28T10:10:06+00:00,730,1841579228663932,2026-08-19T23:36:33+00:00,Community Announcements,Counter-Strike 2 Update,https://steamstore-a.akamaihd.net/news/externalpost/steam_community_announcements/1841579228663932,\BoulderUpdated to the latest version from the Community Workshop (Update Notes)PoseidonUpdated to the latest version from the Community Workshop (Update Notes)\Fixed a case where player speed was too high when moving against walls.
2026-09-28T10:10:06+00:00,730,1840944183775194,2026-08-12T22:50:47+00:00,Community Announcements,Counter-Strike 2 Update,https://steamstore-a.akamaihd.net/news/externalpost/steam_community_announcements/1840944183775194,\FachwerkUpdated to the latest version from the Community Workshop (Update Notes)ShelterUpdated to the latest version from the Community Workshop (Update Notes)
2026-09-28T10:10:06+00:00,730,1839676055895877,2026-08-03T21:18:54+00:00,Community Announcements,Counter-Strike 2 Update,https://steamstore-a.akamaihd.net/news/externalpost/steam_community_announcements/1839676055895877,\Fixed a case where grenades could be thrown through level geometry\CacheFixed various gaps in mapFixed collision in various spots across mapFixed flickering on some assetsRemoved boost spot in Outside AShelterUpdated to the latest version from the Community Workshop (Update Notes)\Added Instance.TracePlayerAdded Instance.OnWeaponPickupAdded Instance.OnBombExplodeAdded Instance.SpawnGrenadeProjectileAdded dropper to Instance.OnWeaponDrop eventAdded hitEntity to Instance.OnGrenadeBounce eventAdde
2026-09-28T10:10:06+00:00,730,1839676055881227,2026-07-29T00:38:24+00:00,Community Announcements,Counter-Strike 2 Update,https://steamstore-a.akamaihd.net/news/externalpost/steam_community_announcements/1839676055881227,"\The Ranked Series stickers are now available for purchase. 50% of royalties are shared with players, teams, and the tournament organizer.Items in the the Cologne 2026 Shop will be available for purchase until September 29th.\Fixed a bug where scripts would fail to load in tools mode until a manual recompile. \BoulderUpdated to the latest version from the Community Workshop (Update Notes)FachwerkUpdated to the latest version from the Community Workshop (Update Notes)ShelterUpdated to the latest "
2026-09-28T10:10:06+00:00,730,1839676055881226,2026-07-29T00:38:10+00:00,Community Announcements,Cologne 2026: Ranked Series,https://steamstore-a.akamaihd.net/news/externalpost/steam_community_announcements/1839676055881226,"https://clan.fastly.steamstatic.com/images/3381077/81b4cf3f2d2130bd4aed48bad3d2d5e5ee061756.png Today we're shipping the Ranked Series of Cologne 2026 Major stickers--new stickers that indicate a team's final standing in the design. As with all items in the Cologne 2026 Shop, 50% of the royalties support the teams, players and tournament organizer. The original dynamic pricing system determined the relative interest in players and teams, but it didn't produce reasonable prices. So the Ranked sti"
2026-09-28T10:10:06+00:00,730,1838407329267700,2026-07-20T23:13:36+00:00,Community Announcements,Counter-Strike 2 Update,https://steamstore-a.akamaihd.net/news/externalpost/steam_community_announcements/1838407329267700,\The bomb damage health preview is now revealed when the bomb becomes audible.The bomb explosion now interacts with smoke grenade clouds and molotov/incendiary fire. \FachwerkUpdated to the latest version from the Community Workshop (Update Notes)BoulderUpdated to the latest version from the Community Workshop (Update Notes)DebrisUpdated to the latest version from the Community Workshop (Update Notes)\Added Workshop maps section to Play menu for Counter-Strike in Steam China.Added a shortcut to 
2026-09-28T10:10:06+00:00,730,1838407329258098,2026-07-16T23:39:54+00:00,Community Announcements,Call II Arms-ory,https://steamstore-a.akamaihd.net/news/externalpost/steam_community_announcements/1838407329258098,"Last week we released new weapon and sticker collections from our previous Call to Arms-ory. Congratulations to the artists who had their items included! Now that these items are available, we're looking for new items for one new weapon collection: - Fairy Tales And two new sticker collections: - Cryptids - Pop Art To submit weapon finishes and stickers to this Call to Arms, select the appropriate option using the Counter-Strike 2 Workshop Tool: https://clan.fastly.steamstatic.com/images/3381077"
2026-09-28T10:10:06+00:00,730,1838407329252903,2026-07-15T00:42:00+00:00,Community Announcements,Counter-Strike 2 Update,https://steamstore-a.akamaihd.net/news/externalpost/steam_community_announcements/1838407329252903,\FachwerkUpdated to the latest version from the Community Workshop (Update Notes).BoulderUpdated to the latest version from the Community Workshop (Update Notes).ShelterUpdated to the latest version from the Community Workshop (Update Notes).El DoradoUpdated to the latest version from the Community Workshop (Update Notes).\Various stability and security fixes.
2026-09-28T10:10:06+00:00,730,1836506165584645,2026-07-09T21:46:16+00:00,Community Announcements,Counter-Strike 2 Update,https://steamstore-a.akamaihd.net/news/externalpost/steam_community_announcements/1836506165584645,"\Removed map-wide minimum one point of damage from new C4 explosions.Fixed a case where new C4 damage was calculated incorrectly near boundaries to other map areas.New C4 explosions now apply more force to dropped weapons.\Adjusted the ""Sniper Ahead"" sticker visibility when scraped.\Fixed a case where season medals were missing their gold tint on one of the bars.Fixed a case where the scoreboard wouldn't update while open.Various stability improvements."
2026-09-28T10:10:06+00:00,730,1836506165581827,2026-07-08T22:51:31+00:00,Community Announcements,Counter-Strike 2 Update,https://steamstore-a.akamaihd.net/news/externalpost/steam_community_announcements/1836506165581827,"\Premier Season Five has begunAdded Cache to the Active Duty Map PoolRemoved Overpass from the Active Duty Map Pool\Re-designed effective range and extent of C4 explosion damage on all official defusal-mode maps.Damage is now applied according to precomputed simulation values, baked into the compiled map.Explosion shockwave damage now rapidly expands from the center of the explosion instead of being applied instantly.Fixed case where picking up dropped weapons through the Buy Menu would fail to "
2026-09-28T10:10:06+00:00,440,1844115010502391,2026-09-21T19:58:11+00:00,Community Announcements,Art Pass Contest,https://steamstore-a.akamaihd.net/news/externalpost/steam_community_announcements/1844115010502391,"{STEAM_CLAN_LOC_IMAGE}/554111/d651bb0462a39f27ab9058916f4fc4a3212c6f13.png (Image credit: Concept - Endi, SFM - Oldmann) Movin' out! The Hammer.tf (not an actual URL) community is proud to announce their first ART-PASS CONTEST! Participants will art-pass an existing KOTH map donated by a community member! As for the theme, there is no theme! Jungle? City? Swamp? Halloween? Uncle Jerry's house? Participants have total creative control, so go wild with any and all ideas! And there will be prizes! "
2026-09-28T10:10:06+00:00,440,1844115010502396,2026-09-21T19:57:00+00:00,TF2 Blog,Art Pass Contest,https://steamstore-a.akamaihd.net/news/externalpost/tf2_blog/1844115010502396,"<a href=""https://discord.gg/y9b4QeFWv"" target=""_blank""> </a> (Image credit: Concept - <a href=""https://steamcommunity.com/profiles/76561198914938199/"" target=""_blank"">Endi</a>, SFM - <a href=""https://steamcommunity.com/id/old_mann_forgot_his_age/"" target=""_blank"">Oldmann</a>) <b>Movin' out!</b> The Hammer.tf (not an actual URL) community is proud to announce their first <b>ART-PASS CONTEST!</b> Participants will art-pass an existing KOTH map donated by a community member! As for the theme, there"
2026-09-28T10:10:06+00:00,440,1844115010495700,2026-09-18T18:03:11+00:00,Community Announcements,Operation Lithium Lunacy,https://steamstore-a.akamaihd.net/news/externalpost/steam_community_announcements/1844115010495700,"{STEAM_CLAN_LOC_IMAGE}/554111/60593e9552db8d5f6f4117eec71d415daf607913.png (Image credit: Phlogster) Mercenaries, the hot wind blows... the snow is melting... the air becomes polluted... and we detect the very presence of Gray Mann's Armageddon, but his robots aren't playing around anymore. They've taken on a gruesome approach that only the most talented warriors can handle. How rude of them to disrupt the aftermath of America's Independence Day... only now have they decided to really get seriou"
2026-09-28T10:10:06+00:00,440,1844115010495698,2026-09-18T18:01:00+00:00,TF2 Blog,Operation Lithium Lunacy,https://steamstore-a.akamaihd.net/news/externalpost/tf2_blog/1844115010495698,"<a href=""https://abyss.tf/"" target=""_blank""> </a> (Image credit: <a href=""https://steamcommunity.com/profiles/76561199697369210/"" target=""_blank"">Phlogster</a>) Mercenaries, the hot wind blows... the snow is melting... the air becomes polluted... and we detect the very presence of Gray Mann's Armageddon, but his robots aren't playing around anymore. They've taken on a gruesome approach that only the most talented warriors can handle. How rude of them to disrupt the aftermath of America's Indepen"
2026-09-28T10:10:06+00:00,440,1843481262689906,2026-09-09T17:03:48+00:00,Community Announcements,MGE.tf is back!,https://steamstore-a.akamaihd.net/news/externalpost/steam_community_announcements/1843481262689906,"{STEAM_CLAN_LOC_IMAGE}/554111/ebd3bf2a20133ead6c61b19ba0b9b762b09fa07a.png (Image credit: Poster Design - Sennie, SFM - Athena) MGE.tf is back for another season! This time, they're returning bigger than ever with 2 new game modes and 2 new regions! Whether you're here to prove yourself or have fun with your friends, there are now more ways than ever to get involved. And there's more than bragging rights on the line. Medals and keys will be up for grabs for the best players and teams! MGE 1v1, M"
2026-09-28T10:10:06+00:00,440,1843481262689907,2026-09-09T17:01:00+00:00,TF2 Blog,MGE.tf is back!,https://steamstore-a.akamaihd.net/news/externalpost/tf2_blog/1843481262689907,"<a href=""https://mge.tf/"" target=""_blank""> </a> (Image credit: Poster Design - <a href=""https://steamcommunity.com/profiles/76561198281644091/"" target=""_blank"">Sennie</a>, SFM - <a href=""https://steamcommunity.com/id/athenacutie/"" target=""_blank"">Athena</a>) <b><a href=""https://mge.tf/"" target=""_blank"">MGE.tf</a> is back for another season</b>! This time, they're returning bigger than ever with <b>2 new game modes and 2 new regions</b>! Whether you're here to prove yourself or have fun with your"
2026-09-28T10:10:06+00:00,440,1841579228670190,2026-08-21T22:04:04+00:00,Community Announcements,Australian Hightower Highjinx 2026,https://steamstore-a.akamaihd.net/news/externalpost/steam_community_announcements/1841579228670190,"{STEAM_CLAN_LOC_IMAGE}/554111/1adda64b2fc832e6dd55421139ea153d080a5039.png Australian Hightower Highjinx is back! After years of being dormant in the deep outback, it returns not only with its iconic Australium coated medals but the same Hightower Highjinx you know and love! Players of all skill levels are welcome to sign up here. The format will be 9v9 and will require a minimum of 9 players in order to sign up and play! You can also donate to help a good cause and receive shiny medals! A $5AUD"
2026-09-28T10:10:06+00:00,440,1841579228670199,2026-08-21T22:00:00+00:00,TF2 Blog,Australian Hightower Highjinx 2026,https://steamstore-a.akamaihd.net/news/externalpost/tf2_blog/1841579228670199,"<a href=""https://ozfortress.com/leagues/97"" target=""_blank""> </a> Australian Hightower Highjinx is back! After years of being dormant in the deep outback, it returns not only with its iconic Australium coated medals but the same Hightower Highjinx you know and love! Players of all skill levels are welcome to sign up <a href=""https://ozfortress.com/leagues/97"" target=""_blank"">here</a>. The format will be 9v9 and will require a minimum of 9 players in order to sign up and play! You can also donate"
2026-09-28T10:10:06+00:00,440,1840944183789813,2026-08-18T20:05:45+00:00,Community Announcements,ÜBERFEST 2026,https://steamstore-a.akamaihd.net/news/externalpost/steam_community_announcements/1840944183789813,"{STEAM_CLAN_LOC_IMAGE}/554111/c84ee9b825a4f7c0bb24cfc3a5263ff9acf1fad4.png (Image credit: SFM - BloodiestBanana, Illustrator - Max Shortt) For the third consecutive year, KritzKast presents ÜBERFEST LAN! This year it's not just the players who'll be celebrating! Viewers at home (or wherever you enjoy top-tier European 6s esports) will have cause for merriment! Anyone who tunes in and watches a few hours of the event live stream will receive an exclusive in-game viewer medal! The goodies don't st"
2026-09-28T10:10:06+00:00,440,1840944183789824,2026-08-18T20:05:00+00:00,TF2 Blog,ÜBERFEST 2026,https://steamstore-a.akamaihd.net/news/externalpost/tf2_blog/1840944183789824,"<a href=""https://www.twitch.tv/kritzkast"" target=""_blank""> </a> (Image credit: SFM - <a href=""http://steamcommunity.com/profiles/76561198935532676"" target=""_blank"">BloodiestBanana</a>, Illustrator - <a href=""http://steamcommunity.com/profiles/76561199065090344"" target=""_blank"">Max Shortt</a>) For the third consecutive year, KritzKast presents ÜBERFEST LAN! This year it's not just the players who'll be celebrating! Viewers at home (or wherever you enjoy top-tier European 6s esports) will have cau"
2026-09-28T10:10:06+00:00,440,1840944183774827,2026-08-12T19:04:21+00:00,Community Announcements,The Witching Hour - Community Contest,https://steamstore-a.akamaihd.net/news/externalpost/steam_community_announcements/1840944183774827,"{STEAM_CLAN_LOC_IMAGE}/554111/8f2b543307db95231a2ca98c5d9b3daccd519471.png GREETINGS, FOOLISH MORTALS! The ghosts of the 9th-century British mafia have come to collect, and Merasmus has once again found himself burdened by a small, completely manageable debt that must be paid. Fortunately, he has devised an ingenious plan to avoid repaying it himself: The Witching Hour contest! The Witching Hour is a community-run Workshop contest, challenging creators to concoct brand-new Halloween spells for S"
2026-09-28T10:10:06+00:00,440,1840944183774833,2026-08-12T19:03:00+00:00,TF2 Blog,The Witching Hour - Community Contest,https://steamstore-a.akamaihd.net/news/externalpost/tf2_blog/1840944183774833,"<a href=""https://discord.gg/ktZkva7pM2"" target=""_blank""> </a> <b>GREETINGS, FOOLISH MORTALS!</b> The ghosts of the 9th-century British mafia have come to collect, and Merasmus has once again found himself burdened by a small, completely manageable debt that must be paid. Fortunately, he has devised an ingenious plan to avoid repaying it himself: <b>The Witching Hour contest!</b> <b>The Witching Hour</b> is a community-run Workshop contest, challenging creators to concoct brand-new Halloween spel"
2026-09-28T10:10:06+00:00,440,1840310314352283,2026-08-10T18:19:32+00:00,Community Announcements,CLTF2 Halloween Cup,https://steamstore-a.akamaihd.net/news/externalpost/steam_community_announcements/1840310314352283,"{STEAM_CLAN_LOC_IMAGE}/554111/8636d1221f9d795f26154af1c638033f7923b09f.png (Image credit: MetalCloud) CLTF2 is announcing their Halloween Cup, a new event to help get ready for Halloween! This time around players can expect Highlander 9v9 action but with the twist of playing on Halloween themed maps! Sign-ups for the Halloween Cup are already open and run until the 6th of September. The first set of matches will be generated shortly after sign-ups close. All regions and skill levels are welcome!"
2026-09-28T10:10:06+00:00,440,1840310314352288,2026-08-10T18:19:00+00:00,TF2 Blog,CLTF2 Halloween Cup,https://steamstore-a.akamaihd.net/news/externalpost/tf2_blog/1840310314352288,"<a href=""https://www.cltf2.com/"" target=""_blank""> </a> (Image credit: <a href=""https://steamcommunity.com/id/metalcloud/"" target=""_blank"">MetalCloud</a>) CLTF2 is announcing their Halloween Cup, a new event to help get ready for Halloween! This time around players can expect Highlander 9v9 action but with the twist of playing on Halloween themed maps! Sign-ups for the Halloween Cup are already open and run until the 6th of September. The first set of matches will be generated shortly after sign-"
2026-09-28T10:10:06+00:00,440,1840310314342773,2026-08-06T18:01:35+00:00,Community Announcements,Operation Mooncrash,https://steamstore-a.akamaihd.net/news/externalpost/steam_community_announcements/1840310314342773,"{STEAM_CLAN_LOC_IMAGE}/554111/9d27b988ee35f2abf369a4fa2645365a1e2ecb5c.png In a desperate effort to attain ultimate global dominance, RED and BLU race to conquer the final frontier! Destination – the Moon! TF2 Painter's Workshop is proud to host a new community project that aims to revive and expand upon the Moon Base theme! They're encouraging all kinds of participation and will be considering cosmetics, war paints, maps, weapons, weapon unusuals, map assets and more for inclusion into the fina"
2026-09-28T10:10:06+00:00,440,1840310314342780,2026-08-06T18:00:00+00:00,TF2 Blog,Operation Mooncrash,https://steamstore-a.akamaihd.net/news/externalpost/tf2_blog/1840310314342780,"<a href=""https://discord.com/invite/6C4858e4JB"" target=""_blank""> </a> <b>In a desperate effort to attain ultimate global dominance, RED and BLU race to conquer the final frontier!</b> Destination – the <b>Moon!</b> TF2 Painter's Workshop is proud to host a new <b>community project</b> that aims to revive and expand upon the <b>Moon Base theme</b>! They're encouraging all kinds of participation and will be considering <b>cosmetics, war paints, maps, weapons, weapon unusuals, map assets and more</"
2026-09-28T10:10:06+00:00,440,1839676055895019,2026-08-03T15:14:55+00:00,Community Announcements,6s Newcomer Cup by RGL and TF2 Coaching Central,https://steamstore-a.akamaihd.net/news/externalpost/steam_community_announcements/1839676055895019,"{STEAM_CLAN_LOC_IMAGE}/554111/effce82b13149bfeab59ae4809f6638fdff50421.png Announcing the RGL 6s Newcomer Cup with training intensive by TF2 Coaching Central! RGL, the largest North American competitive TF2 league, is running their next 6s Newcomer Cup September 4-6! In conjunction, TF2 Coaching Central (TF2CC) will run a four week training intensive, where eligible players with no to minimal competitive experience will be put into teams and assigned a coach to teach them the basics of 6s! Coach"
2026-09-28T10:10:06+00:00,440,1839676055895034,2026-08-03T15:14:00+00:00,TF2 Blog,6s Newcomer Cup by RGL and TF2 Coaching Central,https://steamstore-a.akamaihd.net/news/externalpost/tf2_blog/1839676055895034,"<a href=""https://discord.gg/ybSYAd9"" target=""_blank""> </a> Announcing the RGL 6s Newcomer Cup with training intensive by TF2 Coaching Central! RGL, the largest North American competitive TF2 league, is running their next 6s Newcomer Cup September 4-6! In conjunction, TF2 Coaching Central (TF2CC) will run a four week training intensive, where eligible players with no to minimal competitive experience will be put into teams and assigned a coach to teach them the basics of 6s! Coaches will help pla"
2026-09-28T10:10:06+00:00,440,1838407329261909,2026-07-18T13:36:10+00:00,PC Gamer,Valve reassures Team Fortress 2 players that it's still working on the Mann vs Machine update it announced last year: 'We promise we're making progress',https://steamstore-a.akamaihd.net/news/externalpost/PC Gamer/1838407329261909,"I'd completely forgotten Valve is working on an update for<a href=""https://www.pcgamer.com/team-fortress-2/""> Team Fortress 2</a>'s cooperative Mann vs. Machine mode, though in my defence, it's been a long<em> </em>time since we last heard about it. The prospective patch was<a href=""https://www.pcgamer.com/games/fps/valve-announces-team-fortress-2-is-getting-a-much-needed-update-focused-on-mann-vs-machine-a-chilling-cautionary-tale-where-an-artificial-consciousness-tried-to-take-all-our-jobs/""> "
2026-09-28T10:10:06+00:00,440,1838407329258689,2026-07-17T07:31:53+00:00,GamingOnLinux,Valve say the Team Fortress 2 MvM update is still coming and they're still working on it,https://steamstore-a.akamaihd.net/news/externalpost/GamingOnLinux/1838407329258689,"After the usual silence we've come to expect from Valve on everything, they gave a short blog post on the upcoming MvM update for Team Fortress 2. Read the full article here: https://www.gamingonlinux.com/2026/07/valve-say-the-team-fortress-2-mvm-update-is-still-coming-and-theyre-still-working-on-it/"
2026-09-28T10:10:06+00:00,1172470,1844751498222669,2026-09-24T20:56:47+00:00,Community Announcements,Apex Legends: Latest Update - 09/24/2026 - 2:00pm PT,https://steamstore-a.akamaihd.net/news/externalpost/steam_community_announcements/1844751498222669,"⚠️INVESTIGATING: We are aware of an issue on PS5 systems that results in errors in non-English voice lines. We're actively working on it and hope to have more information soon.Update @ 9/25/2026, 9 AM PT: ✅This issue is now fixed.If you were affected by this, please restart the game after downloading our small client patch. Thank you for your patience while we worked on a fix."
2026-09-28T10:10:06+00:00,1172470,1844751498222239,2026-09-24T17:26:25+00:00,Community Announcements,Apex Legends: Latest Updates - 09/24/2026,https://steamstore-a.akamaihd.net/news/externalpost/steam_community_announcements/1844751498222239,"In response to community feedback, we're making a couple of adjustments to the Street Fighter 6 collab Wildcard event. 🛠️ADJUSTED:- Blocking with drain Fighter Gauge more quickly. Dev note: Some feedback suggested that the Block mechanic felt overtuned and made shooting feel useless, noting that Apex is a shooter, first. This change will allow you to more reliably break a player out of blocking after doing enough damage.) - Fighter Mode will no longer be extended by doing damage while in Fighter"
2026-09-28T10:10:06+00:00,1172470,1844751498222163,2026-09-24T17:01:27+00:00,Community Announcements,EA Javelin Anticheat is Coming to Apex Legends,https://steamstore-a.akamaihd.net/news/externalpost/steam_community_announcements/1844751498222163,"For a fully localized version of the following, please visit the official blog page.IntroEffective September 29th, 2026, Apex Legends will be switching its PC anticheat system to EA Javelin Anticheat. We extend our deepest gratitudes to the Easy Anti Cheat team at Epic Games for a long and fruitful partnership. Moving to EA Javelin Anticheat will give our anticheat teams greater visibility into emerging threats and more flexibility to develop and improve detections as cheating evolves. This is a"
2026-09-28T10:10:06+00:00,1172470,1844751498219773,2026-09-23T22:58:15+00:00,Community Announcements,Apex Legends: Latest Update - 09/23/2026,https://steamstore-a.akamaihd.net/news/externalpost/steam_community_announcements/1844751498219773,✅FIXED:- Fixed a crash that could occur when using Fighter Abilities in specific circumstances in Firing Range.- Fixed a visual issue where the Legend spotlight pass daily challenges would appear to be at 100% and not roll over to the next available challenge.- Fixed an issue where Fighter Mode could sometimes delete Ballistic's sling weapon.- Fixed an issue in Wildcard KO where players would sometimes be unable to use their weapons after respawning.
2026-09-28T10:10:06+00:00,1172470,1844115010505080,2026-09-22T17:58:25+00:00,Community Announcements,Apex Legends: Latest Update - 09/22/2026,https://steamstore-a.akamaihd.net/news/externalpost/steam_community_announcements/1844115010505080,"💡REMINDER: For players experiencing issues with the new Street Fighter 6 Wildcard event, please ensure that you have updated Apex Legends today. You will be able to load into matches without updating, but your overall experience may be hindered - fully closing Apex and downloading the update should resolve most issues."
2026-09-28T10:10:06+00:00,1172470,1844115010504929,2026-09-22T17:01:01+00:00,Community Announcements,Apex Legends VS Street Fighter 6 Event,https://steamstore-a.akamaihd.net/news/externalpost/steam_community_announcements/1844115010504929,"A new challenger enters! Two of gaming’s fiercest competitions meet in one Arena. Throw down in Wildcard with Street Fighter 6 fighting styles and launch Hadokens and Shroyukens across a remixed Olympus. Drop into Wildcard, grab your Fighter Gear, and channel the power of a Street Fighter 6 character. Pick between the fighting styles of Ryu, Chun-Li, Akuma, and Dhalsim: each with a Passive, Tactical, and Ultimate based on their Street Fighter 6 moveset. Collect Tokens to fill your Fight Gauge, t"
2026-09-28T10:10:06+00:00,1172470,1844115010502111,2026-09-21T17:41:03+00:00,Community Announcements,Apex Legends: Latest Update - 09/21/2026,https://steamstore-a.akamaihd.net/news/externalpost/steam_community_announcements/1844115010502111,✅FIXED:- Fixed a bug that switched the order of Lifeline upgrades - The correct Mythic 30-30 and L-STAR now spawn appropriately in Wildcard
2026-09-28T10:10:06+00:00,1172470,1844115010495631,2026-09-18T17:37:54+00:00,Community Announcements,An Update from the Anti Cheat Team - 09/18/2026,https://steamstore-a.akamaihd.net/news/externalpost/steam_community_announcements/1844115010495631,"Competitive Integrity Update — Account SharingWe’ve taken action against players who were found to be sharing their accounts across multiple devices to gain an unfair advantage on the Apex Predator leaderboard.Following reports from the community of Predator players maintaining unusually long, continuous Ranked play sessions, our Anti-Cheat team reviewed login activity and device data associated with high-ranked accounts. This investigation identified accounts being accessed from multiple distin"
2026-09-28T10:10:06+00:00,1172470,1844115010492838,2026-09-17T17:34:56+00:00,Community Announcements,Apex Legends: Latest Update 9/17/2026,https://steamstore-a.akamaihd.net/news/externalpost/steam_community_announcements/1844115010492838,"KNOWN ISSUE:Happy Split Two launch week, everyone. We are currently tracking and working to resolve the following bugs: -Entering an Alter portal may drop players in the incorrect place-Players are able to clip through the ground of some structures on Broken Moon-Game settings reset on startup for some players"
2026-09-28T10:10:06+00:00,1172470,1843481262704926,2026-09-15T15:28:24+00:00,Community Announcements,Apex Legends VS Street Fighter 6 Event,https://steamstore-a.akamaihd.net/news/externalpost/steam_community_announcements/1843481262704926,"Event drops September 22. Watch the trailer now.A new challenger enters! Two of gaming's fiercest competitions meet in one Arena as Street Fighter 6 hits the Outlands. Throw down with the moves of the world's greatest fighters and launch Hadokens and Shoryukens across a remixed Olympus. Suit up as Street Fighter 6 characters with new cosmetics, and more."
2026-09-28T10:10:06+00:00,1172470,1843481262702712,2026-09-14T18:41:23+00:00,Community Announcements,Apex Legends™: Marked Midseason Patch Notes,https://steamstore-a.akamaihd.net/news/externalpost/steam_community_announcements/1843481262702712,"INTROWelcome back to Split 2 of Apex Legends: Marked. To start the second half of the season, we’ve got Legend balancing changes, some adjustment to loot availability (including more healing items), buffs to a trio of long range weapons, and the usual array of tweaks, fixes and adjustments. Split 2 starts on September 15th, so assemble your squad and get ready to jump back into Marked!ANTI CHEAT UPDATEIn the leadup to Split 2, we implemented significant, new systems to detect players using unaut"
2026-09-28T10:10:06+00:00,1172470,1843481262693320,2026-09-10T20:16:11+00:00,Community Announcements,Apex Legends: Anti-Cheat Update - 09/10/2026,https://steamstore-a.akamaihd.net/news/externalpost/steam_community_announcements/1843481262693320,"We’re happy to share an update in Apex’s fight against cheaters and cheat makers. Following our engagement, Collective Minds (creators of the Cronus Zen and Strike Pack hardware devices) has removed all cheats relating to Apex Legends from their website and Discord servers.This is a positive step for our team and the future of Apex Legends as we work to establish and maintain the highest standard of competitive integrity possible. For more details please read the official EA Blog, here."
2026-09-28T10:10:06+00:00,1172470,1842846814443925,2026-09-03T16:28:20+00:00,Community Announcements,Apex Legends: Latest Update 9/3/2026,https://steamstore-a.akamaihd.net/news/externalpost/steam_community_announcements/1842846814443925,"UPDATE:Anyone previously experiencing crashes on AMD hardware, there is a new patch available from AMD that will fully resolve the issue. Find more information here: https://www.amd.com/en/resources/support-articles/release-notes/RN-RAD-WIN-26-9-1.html"
2026-09-28T10:10:06+00:00,1172470,1842846814441123,2026-09-02T17:24:54+00:00,Community Announcements,Controller Anti-Cheat Enforcement & Ban Wave Update — 09/02/2026,https://steamstore-a.akamaihd.net/news/externalpost/steam_community_announcements/1842846814441123,"We are implementing significant, new systems to detect players using unauthorized controller hardware or software in Apex Legends on all platforms including: PC, PlayStation, Xbox, and Nintendo Switch 2.We’ve spent the past several months thoroughly validating these systems to ensure they can accurately identify prohibited behavior.Players that trigger these detections will be actioned upon and banned accordingly.If you are using controller modifications, devices, or software to gain an unfair a"
2026-09-28T10:10:06+00:00,1172470,1842212951314034,2026-09-01T16:32:10+00:00,Community Announcements,Apex Legends™ EA Play* Weapon Charm,https://steamstore-a.akamaihd.net/news/externalpost/steam_community_announcements/1842212951314034,"Experience a world of thrill with EA Play. Join to get great player benefits and unlimited access to an unrivaled collection of EA’s fan-favorite franchises and top titles. Members can unlock rewards in the hottest titles each month, including Weapon Charms in Apex Legends. Dive into all the game-winning, world-creating, and galaxy-defining moments in The Play List or discover a new favorite with trials of select recent releases for up to 10 hours with no commitments. If you decide to buy, your "
2026-09-28T10:10:06+00:00,1172470,1842212951297706,2026-08-26T17:38:31+00:00,Community Announcements,Apex Legends: Latest Update 8/26/2026,https://steamstore-a.akamaihd.net/news/externalpost/steam_community_announcements/1842212951297706,"FIXED:-Octane passive once again restores him to full health, as intended.-Fixed rare instances where players were locked out of nearly all actions in Battle Royale mode.-Fixed an instance where Gibraltar could sprint faster than intended when combining Fast Shotties perk with the Corrupted Stock.-Fixed an issue where players would sometimes experience rubberbanding, jumpy behaviour and/or jittery movement after reconnecting."
2026-09-28T10:10:06+00:00,1172470,1842212951297641,2026-08-26T17:14:32+00:00,Community Announcements,[AMA] Let’s talk about Legend and Weapon balance,https://steamstore-a.akamaihd.net/news/externalpost/steam_community_announcements/1842212951297641,"Hey all! We’ll be answering as many questions as possible about Legend & Weapon meta this Thursday, August 27, 2026, from 10 am PT to 12pm PT. Drop your questions below ahead of our AMA and tune back for replies when we go live. As always, feedback is also welcome and we’ll be collecting everything to share with the team.Here’s our team on deck:RSPN_CaseroosRSPN_JayBiebsRSPN_ConMonRSPN_hypnotikReminder: We have only two hours to answer as many questions as we can. To improve your chances of gett"
2026-09-28T10:10:06+00:00,1172470,1842212951295240,2026-08-25T22:38:23+00:00,Community Announcements,Apex Legends: Latest Update 8/25/2026,https://steamstore-a.akamaihd.net/news/externalpost/steam_community_announcements/1842212951295240,"INVESTIGATING: We are investigating a crash impacting players with AMD Radeon RX 9070 XT GPUs. For immediate resolution, please roll back your drivers to the previous version (26.7.1)."
2026-09-28T10:10:06+00:00,1172470,1841579228670387,2026-08-21T23:59:43+00:00,Community Announcements,Apex Legends: Latest Update 8/21/2026,https://steamstore-a.akamaihd.net/news/externalpost/steam_community_announcements/1841579228670387,"Hey everyone, we're going to do something a little bit different. We're announcing changes today that will go live early next week (aiming for Tuesday morning).🛠️ADJUSTING:AxleTactical-Nitro Gate launch speed will be reduced from 750 to 700Ultimate-Ultimate HP will be reduced down to 150 from 200-Base Ultimate cooldown will increase from 90s to 120s-Ultimate knockback arc will be widened and max height will also be reduced-Ultimate stun duration will be reduced from 1.5s to 0.25s Upgrades-Jump G"
2026-09-28T10:10:06+00:00,1172470,1841579228663844,2026-08-19T22:29:53+00:00,Community Announcements,Apex Legends: Latest Updates - 08/19/2026 - 3:30pm PT,https://steamstore-a.akamaihd.net/news/externalpost/steam_community_announcements/1841579228663844,✅FIXED:Removed an exploit that allowed Bloodhounds to quickly access their Ult using their Level 3 Upgrades
2026-09-28T10:10:06+00:00,230410,1844751498219829,2026-09-23T23:19:08+00:00,PlayGround.ru - официальная группа,Warframe получила обновление Iceblade of Narin - с новым варфреймом Нарин и переработкой Банши,https://steamstore-a.akamaihd.net/news/externalpost/PlayGround.ru - официальная группа/1844751498219829,"Digital Extremes выпустила обновление Iceblade of Narin для Warframe. Оно посвящено ледяной тематике, возвращению к старому контенту и ряду важных новинок. Главное пополнение — Нарин, 66-й по счёту варфрейм. Это первый персонаж ледяного типа со времён Фрост, поэтому обновление не просто расширяет ростер, а добавляет новую полноценную стихийную роль. Нарин — танцовщица с рапирой, владеющая льдом и способная защищаться так же искусно, как и наносить стремительные удары. Её фирменное оружие — лук Н"
2026-09-28T10:10:06+00:00,230410,1844751498219075,2026-09-23T16:57:28+00:00,Community Announcements,Citrine Prime Access Available Now,https://steamstore-a.akamaihd.net/news/externalpost/steam_community_announcements/1844751498219075,"Citrine Prime dazzles in the latest Prime Access release! Gilded in radiant Orokin filigree, Citrine Prime arrives alongside her multifaceted signature Prime Weapons and Prime Accessories. https://store.steampowered.com/app/5131900/Warframe_Citrine_Prime_Access__Weapons_Pack/ https://store.steampowered.com/app/5131910/Warframe_Citrine_Prime_Access__Accessories_Pack/ https://store.steampowered.com/bundle/87981/Warframe_Citrine_Prime_Access__Prime/ https://store.steampowered.com/bundle/87980/Warfr"
2026-09-28T10:10:06+00:00,230410,1844751498219082,2026-09-23T15:57:54+00:00,PCGamesN,"Warframe's Iceblade of Narin update ""represents how Digital Extremes has evolved""",https://steamstore-a.akamaihd.net/news/externalpost/PCGamesN/1844751498219082,"Warframe's Iceblade of Narin update - featuring the new female Ice frame - is out now, so I caught up with Digital Extremes to learn more. Read the full story on PCGamesN: <a href=""https://www.pcgamesn.com/warframe/iceblade-of-narin-update-live"">Warframe's Iceblade of Narin update ""represents how Digital Extremes has evolved""</a>"
2026-09-28T10:10:06+00:00,230410,1844751498218764,2026-09-23T15:18:40+00:00,Community Announcements,Iceblade of Narin Available now!,https://steamstore-a.akamaihd.net/news/externalpost/steam_community_announcements/1844751498218764,"Dance through the blizzard in Iceblade of Narin with the 66th Warframe Narin, and return to the Zariman to battle Entropic Eximus! Check out the full gameplay trailer, featuring voiceover from Choi Han: Narin, Sword Dancer Warframe {STEAM_CLAN_IMAGE}/4437469/16bf4748b0864f1033d565de389e6406ecb3a45a.png Narin descends in swirling eddies, her blade keen and deadly as an icy wind. She wields ice to defend as deftly as her swift rapier strikes. The first ice-themed female Warframe becomes an otherwo"
2026-09-28T10:10:06+00:00,230410,1843481262702116,2026-09-14T15:46:31+00:00,Community Announcements,Devstream 197 Showcase Video,https://steamstore-a.akamaihd.net/news/externalpost/steam_community_announcements/1843481262702116,"We had a blast engaging with the Warframe community in Seoul, South Korea! In addition to hosting the latest stop on our TennoVIP world tour, we also streamed Devstream 197 live with the assistance of host/translator Will Chobra, bringing you the very first detailed look at our next update, Iceblade of Narin (coming September 23). If you missed the broadcast and haven't yet had the chance to check out the VOD or our Devstream Overview, we've assembled the biggest highlights from the show for you"
2026-09-28T10:10:06+00:00,230410,1842846814456669,2026-09-08T20:05:54+00:00,Community Announcements,Devstream 197 Overview,https://steamstore-a.akamaihd.net/news/externalpost/steam_community_announcements/1842846814456669,"Our next update is coming September 23! Live from Seoul, we lifted the lid on Iceblade of Narin, which brings you its titular sword dancer Warframe, the six-player Glacial Defiance game mode and chillingly challenging Entropic Eximus enemies waiting aboard the Zariman Ten Zero. {STEAM_CLAN_IMAGE}/4437469/86721696d9b59ee2039c91e707290284f2fd91bb.png Iceblade of Narin will also include the highly anticipated Qorvex Basilica and Banshee Threnodia Collections, as well as QoL improvements to Operator"
2026-09-28T10:10:06+00:00,230410,1842846814453326,2026-09-07T15:00:23+00:00,Community Announcements,Citrine Prime Access Coming Soon,https://steamstore-a.akamaihd.net/news/externalpost/steam_community_announcements/1842846814453326,"Shine on with a diamond’s spellbinding purpose once Citrine Prime enters Prime Access on September 23! Lavish Orokin gold complements every perfect cut of this jeweled bastion’s signature Prime Weapons and exclusive Prime Accessories, instilling those fortunate enough to witness her luminescence with unshakeable resolve. Make your Arsenal shimmer with instant access and get the Prime items of your choice by selecting from the Weapons, Prime, Complete and Accessories Packs — which depends on your"
2026-09-28T10:10:06+00:00,230410,1842846814449211,2026-09-05T15:00:58+00:00,Community Announcements,Banshee Login Reward Starting September 23!,https://steamstore-a.akamaihd.net/news/externalpost/steam_community_announcements/1842846814449211,"The September 23 release of Iceblade of Narin gives Banshee fans three huge reasons to perk up their ears. If you've enjoyed playing with her in the past, or want to wield her sound-based Abilities for the first time, you definitely don't want to sleep through our next update. {STEAM_CLAN_IMAGE}/4437469/5ab3ada174c476f3972677be83af5c6bc0ea64f4.png FREE Login Reward Log in any time between September 23 and October 7 and you'll receive a FREE base Banshee Warframe, which means you can experience t"
2026-09-28T10:10:06+00:00,230410,1842846814447440,2026-09-04T16:23:46+00:00,PCGamesN,"A new Warframe teaser lets you grab a free Honoria, ahead of Narin and a Tau event",https://steamstore-a.akamaihd.net/news/externalpost/PCGamesN/1842846814447440,"The challenge event precedes the Warframe Taubound operation, which opens the path to the new system in October, and the Narin release date. Read the full story on PCGamesN: <a href=""https://www.pcgamesn.com/warframe/devstream-197-taubound-event-iceblade-of-narin"">A new Warframe teaser lets you grab a free Honoria, ahead of Narin and a Tau event</a>"
2026-09-28T10:10:06+00:00,230410,1842846814446257,2026-09-04T12:03:39+00:00,Community Announcements,Iceblade of Narin arrives September 23!,https://steamstore-a.akamaihd.net/news/externalpost/steam_community_announcements/1842846814446257,"Return to the Zariman and master a new Warframe as deadly as a winter blizzard when Iceblade of Narin launches on all platforms September 23! Log in between Sept. 23 and Oct. 7 to also receive a free Banshee Warframe as a login reward. Watch the Iceblade of Narin Gameplay Trailer, featuring voiceover from Choi Han: Narin, Sword Dancer Warframe Narin descends in swirling eddies, her blade keen and deadly as an icy wind. She wields ice to defend as deftly as her swift rapier strikes. See more of N"
2026-09-28T10:10:06+00:00,230410,1842846814446142,2026-09-04T11:21:10+00:00,Community Announcements,Epoch Operation: Taubound,https://steamstore-a.akamaihd.net/news/externalpost/steam_community_announcements/1842846814446142,"Arturos and Zioa have lain dormant long enough: the time to assume control of your Vessel is almost at hand. With new worlds and possibilities beyond the Origin System closer than ever, your window to prepare for the journey to Tau begins now, ahead of a never-before-seen, once in a lifetime Epoch Operation this October. WHAT IS THE OPERATION? Epoch Operation: Taubound will open a path to the Tau System with help from the Sentient Mothership, Praghasa. Facilitating your travels will require an e"
2026-09-28T10:10:06+00:00,230410,1842846814444549,2026-09-03T20:22:31+00:00,Community Announcements,Banshee Prime and Mirage Prime enter Prime Resurgence,https://steamstore-a.akamaihd.net/news/externalpost/steam_community_announcements/1842846814444549,"{STEAM_CLAN_IMAGE}/4437469/b975ea37860a01ff61a653bc6452e17f0d84364a.png Acoustic authority or dazzling deceit — which will you choose, Tenno? Prime Resurgence grants access to two of the Origin System’s most powerful Warframes. Banshee Prime {STEAM_CLAN_IMAGE}/4437469/03d8c8b4d373cd8eae66461a5dd2c338d960ab27.png If there ever was a siren song to herald the end, it would undoubtedly emanate from Banshee Prime. Control the battlefield with her extraordinary ultrasonic abilities that can pinpoint a"
2026-09-28T10:10:06+00:00,230410,1842846814441237,2026-09-02T18:17:09+00:00,Community Announcements,Operation Plague Star 2026,https://steamstore-a.akamaihd.net/news/externalpost/steam_community_announcements/1842846814441237,"{STEAM_CLAN_IMAGE}/4437469/55ce4e3cf9b1d6838b2c1778ad90d75f797f3d33.png Operation: Plague Star descends on the Plains of Eidolon once more from September 9 to September 23, across all platforms. Steal toxin from Councilor Vay Hek and the Grineer, destroy the boil and save Cetus before the Infestation can grow out of control. What You Need To Do Speak to Konzu in Cetus to undertake the Plague Star Bounty Complete the series of Bounty Missions to earn Operational Supply Standing for the Event Rewa"
2026-09-28T10:10:06+00:00,230410,1842212951300847,2026-08-27T17:20:12+00:00,Community Announcements,Teshin Plushie Campaign,https://steamstore-a.akamaihd.net/news/externalpost/steam_community_announcements/1842212951300847,"Sometimes, the best knowledge you can impart on others is to embrace their softer side — even Teshin is doing it! {STEAM_CLAN_IMAGE}/4437469/dd78bf4f066daac338841c0c5a568498e1529e5c.png That’s right, we are collaborating with Makeship on an all-new Teshin Plushie. However, we will need the support of 200 Tenno purchasing pre-sales to ensure this huggable mentor can materialize in your home. So be sure to visit Makeship’s campaign page and reserve yours today!"
2026-09-28T10:10:06+00:00,230410,1841579228679125,2026-08-25T18:16:00+00:00,Community Announcements,Devstream #197,https://steamstore-a.akamaihd.net/news/externalpost/steam_community_announcements/1841579228679125,"We’re back and sat from across the world! LIVE from Seoul South Korea it’s Devstream #197!! Soulframe Creative Director, Geoff Crookes, Soulframe Associate Art Director, Rosa Lee, Warframe Creative Director, Rebecca Ford, and Community Director & Live Ops, Megan Everett, and South Korean Host, Will Chobra, are bringing you the first full reveal of our next major update: The Iceblade of Narin! Join us as we dive into the sEoul of Iceblade with the first reveal of our 66th Warframe, Narin, from he"
2026-09-28T10:10:06+00:00,230410,1840944183787154,2026-08-17T20:11:36+00:00,Community Announcements,TennoConcert 2026 Visualizer and Live Album,https://steamstore-a.akamaihd.net/news/externalpost/steam_community_announcements/1840944183787154,"From the battlefields and Somachords of the Origin System, to the TennoConcert stage, listen to your favorite music from Warframe and Soulframe in the new TennoConcert 2026 Visualizer and Live Album on YouTube and streaming platforms! Listen on Streaming Now: Spotify Apple Music Bandcamp YouTube Music Amazon Tidal CREDITS The TennoConcert Orchestra: Matthew Chalmers: Composer / Conductor Rebecca Pellett: Orchestrator - Orchestra Francesca Hauser: Orchestrator - Choir / Choir Lead - Alto Kendra G"
2026-09-28T10:10:06+00:00,230410,1840944183774470,2026-08-12T16:25:47+00:00,Community Announcements,Amir’s Shockwave is Live!,https://steamstore-a.akamaihd.net/news/externalpost/steam_community_announcements/1840944183774470,"Amplify your Arsenal with all-new Rewards like the Globakk Syandana, Kaneshell Atomicycle Regalia, Teisatz Oculus and more. {STEAM_CLAN_IMAGE}/4437469/ab1af33710d5397ad0d6a34f7eee277179022252.png Prepare for a shift in the balance of power — as Amir’s Shockwave is now live! The hex hacker’s electric personality is amplifying this Nightwave Mix with all-new Rewards like the 1999-themed Globakk Syandana, Kaneshell Atomicycle Regalia, Teisatz Oculus and oh-so much more. Fables & Frontiers: Running "
2026-09-28T10:10:06+00:00,230410,1840944183774320,2026-08-12T15:30:31+00:00,Community Announcements,Baruuk Shaoshi Collection Available Now,https://steamstore-a.akamaihd.net/news/externalpost/steam_community_announcements/1840944183774320,"Transcend the chaos of battle. Baruuk Shaoshi’s mystic runes show him the path to peace. Find the latest Customization bundle in the in-game Market for Platinum starting on August 12! {STEAM_CLAN_IMAGE}/4437469/7692bccaeb14c1e05cc46c3308cfe99a08b88dc2.png Baruuk Shaoshi Collection includes: Baruuk Shaoshi Skin Fear the gaze of Baruuk Shaoshi’s mystic eye. His martial mastery, honed over long ages of defending sacred ground, is once again brought to bear against all enemies of peace. Rathan Sword"
2026-09-28T10:10:06+00:00,230410,1840310314354126,2026-08-11T13:00:07+00:00,PCGamesN,Lifting together: How Warframe became one of the world's best multiplayer games,https://steamstore-a.akamaihd.net/news/externalpost/PCGamesN/1840310314354126,"Warframe has become one of the biggest multiplayer games of all time, and in 2026, it's innovating in a way that no other online title is. Read the full story on PCGamesN: <a href=""https://www.pcgamesn.com/warframe/state-of-the-game-2026"">Lifting together: How Warframe became one of the world's best multiplayer games</a>"
2026-09-28T10:10:06+00:00,230410,1840310314342795,2026-08-06T18:12:18+00:00,Community Announcements,Prime Resurgence,https://steamstore-a.akamaihd.net/news/externalpost/steam_community_announcements/1840310314342795,"{STEAM_CLAN_IMAGE}/4437469/0599b00b20216a15e13fd978c66516e3680f87b8.png Two iconic forces return to the Origin System! Baruuk Prime and Revenant Prime are now available in Prime Resurgence. Whether you’re a new Tenno beginning your journey or a veteran returning to battle, this rotation offers the opportunity to expand your Arsenal instantly with Regal Aya. Meet the Primes Baruuk Prime A master of restraint, Baruuk Prime walks the line between pacifism and devastating force. Calm the battlefield"
2026-09-28T10:10:06+00:00,238960,1844751498223028,2026-09-25T00:55:42+00:00,Community Announcements,The Last of the Druids Sale - Get One Free Mystery Box When You Spend Points,https://steamstore-a.akamaihd.net/news/externalpost/steam_community_announcements/1844751498223028,"This weekend, we’re running a sale on microtransactions from past Mystery Boxes, including the Last of the Druids cosmetic effects. In addition, we’re offering one free Curse of the Allflame Mystery Box when you spend points in the store. Weekend Sale From the time of this news post until Sep 28, 2026 4:00 PM PST, all cosmetic effects from the Sentinel, Kalandra, Sanctum, Crucible, Ancestor, Affliction, Necropolis, Settlers, Dawn of the Hunt, Third Edict and Last of the Druids Mystery Boxes, as "
2026-09-28T10:10:06+00:00,238960,1844751498219604,2026-09-23T21:22:23+00:00,Community Announcements,The Final Path of Exile 1 ExileCon Qualifier Begins Tomorrow - New Twitch Drops,https://steamstore-a.akamaihd.net/news/externalpost/steam_community_announcements/1844751498219604,"The fourth and final Path of Exile 1 Qualifier tomorrow will conclude our series of in-game ExileCon events. Don’t miss out on finding out who will become the fourth finalist by watching the race live at https://www.twitch.tv/pathofexile, where you can also earn the Scavenger Bat Pet through Twitch Drops. The race and broadcast begin at 2 PM PDT on September 24. Watch the event live or any Path of Exile 1 stream for 30 minutes to earn the Scavenger Bat Pet. This new Twitch Drop will be available"
2026-09-28T10:10:06+00:00,238960,1844115010493259,2026-09-17T20:45:00+00:00,Community Announcements,The Third Path of Exile 1 ExileCon Qualifier Is Going Live!,https://steamstore-a.akamaihd.net/news/externalpost/steam_community_announcements/1844115010493259,"Will you be the next to join allexpleblord and imexile at ExileCon 2026? Join the third Path of Exile 1 Qualifier for your chance to earn a spot in the finale this November! If you’re not participating, tune in to the stream, going live in 15 minutes at https://www.twitch.tv/pathofexile! Once the race kicks off, the new Twitch Drop will be available for 24 hours, until 2 PM PDT on September 18. Watch the official broadcast or any channel streaming Path of Exile 1 for 30 minutes during the race, "
2026-09-28T10:10:06+00:00,238960,1844115010490155,2026-09-16T21:15:24+00:00,Community Announcements,The Third Path of Exile 1 ExileCon Qualifier Begins Tomorrow - Earn Twitch Drops,https://steamstore-a.akamaihd.net/news/externalpost/steam_community_announcements/1844115010490155,"Catch the third ExileCon Path of Exile 1 Qualifier tomorrow at 2 PM PDT on September 17, at https://www.twitch.tv/pathofexile. Earn the Darkshard Helmet Attachment by watching the official broadcast or any Path of Exile 1 stream for 30 minutes. Twitch Drops will be available for 24 hours once the race begins and will end at 2 PM PDT on September 18. {STEAM_CLAN_IMAGE}/5193306/c75f64f971d4c51413423f49be1dc319f2bc36b7.jpg If you’re participating in the Qualifier, don’t forget to link your Twitch a"
2026-09-28T10:10:06+00:00,238960,1843481262700433,2026-09-14T00:32:50+00:00,Community Announcements,Fan Art Competition Runners-Up,https://steamstore-a.akamaihd.net/news/externalpost/steam_community_announcements/1843481262700433,"Last week, we announced the winners of our Fan Art Competition. Today, we'd like to announce and highlight the runners-up. Congratulations and thanks to everyone who participated in this competition! Click here to check out the runners-up!"
2026-09-28T10:10:06+00:00,238960,1843481262693392,2026-09-10T21:00:58+00:00,Community Announcements,The Path of Exile 1 ExileCon Qualifier #2 Has Begun!,https://steamstore-a.akamaihd.net/news/externalpost/steam_community_announcements/1843481262693392,"The second Path of Exile 1 ExileCon Qualifier is now underway! Who will join allexpleblord at ExileCon 2026 and earn their spot at the offline competition taking place in November? Catch all the action live at https://www.twitch.tv/pathofexile! Twitch Drops are now available for 24 hours, until 2 PM PDT on September 11th. Watch the official broadcast or any channel streaming Path of Exile 1 for 30 minutes during the race, or catch up with your favourite content creator afterwards to receive the "
2026-09-28T10:10:06+00:00,238960,1843481262690699,2026-09-10T00:37:01+00:00,Community Announcements,Watch the Path of Exile 1 ExileCon Qualifier Tomorrow - Earn Twitch Drops,https://steamstore-a.akamaihd.net/news/externalpost/steam_community_announcements/1843481262690699,The second ExileCon Path of Exile 1 Qualifier begins tomorrow! Tune in to https://www.twitch.tv/pathofexile at 2 PM PDT on September 10 to watch the action live and earn the Scavenger Hood through Twitch Drops! Twitch Drops will be available for 24 hours once the race begins. Watch the official broadcast or any Path of Exile 1 stream for 30 minutes to receive the reward. Twitch Drops end at 2PM PDT on September 11. {STEAM_CLAN_IMAGE}/5193306/9eae311a5923fd9412627aafec5b74894b5a9223.jpg If you’re
2026-09-28T10:10:06+00:00,238960,1843481262686263,2026-09-08T22:12:59+00:00,Community Announcements,Fan Art Competition Winners,https://steamstore-a.akamaihd.net/news/externalpost/steam_community_announcements/1843481262686263,"Our Fan Art Competition concluded last week, with more than 150 Exiles submitting artwork inspired by the latest Path of Exile and Path of Exile 2 content expansions. With the help of our art team, we’ve selected the winners and are now ready to announce them! Because of the enormous number of amazing submissions, it was really hard to select just three overall winners. So, we decided to award the top five winners in both games, as well as introduce a separate category for the top physical art s"
2026-09-28T10:10:06+00:00,238960,1842846814442058,2026-09-03T03:00:59+00:00,Community Announcements,Watch the Path of Exile 1 ExileCon Qualifier Tomorrow - Earn Twitch Drops,https://steamstore-a.akamaihd.net/news/externalpost/steam_community_announcements/1842846814442058,The first ExileCon Path of Exile 1 Qualifier begins tomorrow! Tune in to https://www.twitch.tv/pathofexile at 2 PM PDT on September 3 to watch the action live and acquire a reward doing so! Twitch Drops will be available for 24 hours once the broadcast begins. Watch the official race or any Path of Exile 1 stream for 30 minutes to receive the Wild Footprints Effect. Twitch Drops end at 2PM PDT on September 4. {STEAM_CLAN_IMAGE}/5193306/2e174f905c02a1fc257e98a509f717bb1b3de600.jpg If you’re parti
2026-09-28T10:10:06+00:00,238960,1842846814438746,2026-09-01T22:55:35+00:00,Community Announcements,Path of Exile 1 Build Showcase: Luminary Facebreaker,https://steamstore-a.akamaihd.net/news/externalpost/steam_community_announcements/1842846814438746,"Turn your fists into the heaviest matter in Wraeclast with today's Build Showcase episode. This Luminary Facebreaker build by Alohaa features the new Scion Ascendancy and relies on a specific Mercenary for its core interaction. Check it out! Thanks to Alohaa for putting this build together. For more information, refer to their video guide here. See you next time!"
2026-09-28T10:10:06+00:00,238960,1842212951311625,2026-08-31T22:52:14+00:00,Community Announcements,Fan Art Competition Highlights #3,https://steamstore-a.akamaihd.net/news/externalpost/steam_community_announcements/1842212951311625,"We’ve launched the Fan Art Competition a while back, which is inspired by the latest expansions in Path of Exile 1 and Path of Exile 2. Since then, the community has shared plenty of incredible artwork, and we’ve gathered some of the latest highlights to showcase in today’s news post! If you'd like to submit an entry, you can do so by posting in this thread. Submissions close on Wednesday, 2nd September at 10PM PDT! BolwarFordragon#3889 {STEAM_CLAN_IMAGE}/5193306/0a6a682f6aa2b4593a4928234b4087b5"
2026-09-28T10:10:06+00:00,238960,1842212951304354,2026-08-28T20:55:14+00:00,PC Gamer,"Path of Exile 2's first event league goes 'oops, all bosses' and reworks its worst mode so sane people can finally enjoy it",https://steamstore-a.akamaihd.net/news/externalpost/PC Gamer/1842212951304354,"fter the tremendous Return of the Ancients update to Path of Exile 2, it wouldn't take much to convince me to play more of it. The action RPG is the <a href=""https://www.pcgamer.com/games/rpg/path-of-exile-2-raises-the-bar-for-all-other-action-rpgs-and-its-not-even-finished-yet/"">best it's ever been</a> and finally feels ready to come out later this year. So when developer Grinding Gear Games says it's dropping a <a href=""https://www.pathofexile.com/forum/view-thread/3999858"">new mini-league</a>"
2026-09-28T10:10:06+00:00,238960,1841579228679552,2026-08-25T20:16:14+00:00,PC Gamer,"Path of Exile 2 is finally getting swords in December, and also the rest of the game",https://steamstore-a.akamaihd.net/news/externalpost/PC Gamer/1841579228679552,"It's finally time for the one thing every <a href=""https://www.pcgamer.com/games/rpg/path-of-exile-2-raises-the-bar-for-all-other-action-rpgs-and-its-not-even-finished-yet/"" target=""_blank"">Path of Exile 2</a> player has been waiting for: swords. A new class and weapon type is coming to the action RPG later this year—oh, and the full 1.0 release of the game... <a href=""https://www.pcgamer.com/games/rpg/path-of-exile-2-is-finally-getting-swords-in-december-and-also-the-rest-of-the-game/?utm_sourc"
2026-09-28T10:10:06+00:00,238960,1841579228677152,2026-08-25T03:00:53+00:00,Community Announcements,Path of Exile 1 ExileCon Qualifiers Begin Next Week,https://steamstore-a.akamaihd.net/news/externalpost/steam_community_announcements/1841579228677152,"It’s finally happening! The ExileCon Path of Exile 1 Qualifiers kick off next week, with the top racers from all four qualifier events earning the chance to compete in the live final at ExileCon in New Zealand. The competition will take place on the following dates, with ZiggyD and Raiz once again serving as your hosts throughout the event: Path of Exile 1 Qualifier Event Times and Dates Qualifier One - September 4 2PM PDT Qualifier Two - September 11 2PM PDT Qualifier Three - September 18 2PM P"
2026-09-28T10:10:06+00:00,238960,1841579228674081,2026-08-23T21:29:27+00:00,Community Announcements,Fan Art Competition Highlights #2,https://steamstore-a.akamaihd.net/news/externalpost/steam_community_announcements/1841579228674081,"Our Fan Art competition, themed around the latest expansions in Path of Exile 1 and Path of Exile 2, is in full swing! Check out the recent highlights below! darkshadowsblood#1004 {STEAM_CLAN_IMAGE}/5193306/7b23832a2dad6e0b5b3a998ce31b9418256f7a6a.jpg PropagandaPandá#7473 {STEAM_CLAN_IMAGE}/5193306/3e530a137cd8f831975968619ed6990a8d4299a5.jpg tequilalover#7722 {STEAM_CLAN_IMAGE}/5193306/aee79df8a9ab85ed40a819f98fef49d9eb18d34c.jpg SimoneIF#7126 {STEAM_CLAN_IMAGE}/5193306/5c0cb13dbb5b5e17077b7570"
2026-09-28T10:10:06+00:00,238960,1840944183790010,2026-08-18T21:58:50+00:00,Community Announcements,Path of Exile 1 Build Showcase: Spinning Magma Saboteur,https://steamstore-a.akamaihd.net/news/externalpost/steam_community_announcements/1840944183790010,"If you like spicy, but spin-worthy builds, check out the Spinning Magma Saboteur build by Zurku351! It revolves around one thing though: a whole lot of magma! Using a combination of Cyclone, Cast While Channelling & Rolling Magma - start spinning, and let the magma do the rest! Thanks to Zurku351 for putting this build together. For more information, refer to their guide here. See you next time!"
2026-09-28T10:10:06+00:00,238960,1840944183787416,2026-08-17T22:46:35+00:00,Community Announcements,Fan Art Competition Highlights,https://steamstore-a.akamaihd.net/news/externalpost/steam_community_announcements/1840944183787416,"Last week, we started a Fan Art competition themed around the latest expansions in Path of Exile 1 and Path of Exile 2, and we’ve already received many great submissions. Check out the highlights in this news post! Shinoono#0784 {STEAM_CLAN_IMAGE}/5193306/74a71c1050a94d46b1b295fb8be9620c61f63273.jpg Sabacu#4442 {STEAM_CLAN_IMAGE}/5193306/f8b3554dc309c67079c5fc2c7c568a3ddd935b36.jpg naitoweapon2#1398 {STEAM_CLAN_IMAGE}/5193306/1e70e3021d857954a32e68ac7a7edf4a6762b222.png AzzetSp#5927 {STEAM_CLAN_"
2026-09-28T10:10:06+00:00,238960,1840944183784694,2026-08-16T22:07:26+00:00,Community Announcements,The Last of the Druids Microtransactions Are Now Available in Store,https://steamstore-a.akamaihd.net/news/externalpost/steam_community_announcements/1840944183784694,"Microtransactions from the Last of the Druids Mystery Box have finally been released in the store for Path of Exile 1 and Path of Exile 2! From Armour Sets to Portals and Level-Up Effects, there are over 60 new microtransactions available, giving you even more ways to customise your Exile and show off your style. Check out the full selection in the store, or watch the video below to take a closer look at everything included in the Last of the Druids Mystery Box. Thank you for your support!"
2026-09-28T10:10:06+00:00,238960,1840310314350089,2026-08-09T23:56:51+00:00,Community Announcements,Fan Art Competition,https://steamstore-a.akamaihd.net/news/externalpost/steam_community_announcements/1840310314350089,"It’s been a while since we last hosted a fan art competition, and with the recent updates to Path of Exile 1 and Path of Exile 2, we’re sure our community artists have plenty of inspiration to draw from. We’re excited to announce a Path of Exile Fan Art Competition inspired by the Return of the Ancients and Curse of the Allflame expansions! The prize pool includes official merchandise and in-game microtransactions. Prizes Top Three Winners Forum avatar based on the winning submission Your choice"
2026-09-28T10:10:06+00:00,238960,1840310314340163,2026-08-05T20:38:49+00:00,Community Announcements,Path of Exile: Curse of the Allflame Interview with Zizaran,https://steamstore-a.akamaihd.net/news/externalpost/steam_community_announcements/1840310314340163,"Yesterday, Path of Exile 1 Game Designers Andrew and Octavian sat down with community streamer Zizaran to discuss Path of Exile: Curse of the Allflame. In case you missed it, check out the VOD below."
2026-09-28T10:10:06+00:00,1085660,1844751498225646,2026-09-25T18:33:39+00:00,PlayGround.ru - официальная группа,Джейсон Шрайер раскрыл подробности отменённого проекта Bungie - песочницы во вселенной Destiny под названием Payback,https://steamstore-a.akamaihd.net/news/externalpost/PlayGround.ru - официальная группа/1844751498225646,"Согласно отчёту Bloomberg, Bungie в течение некоторого времени работала над игрой-песочницей во вселенной Destiny. Проект, возглавляемый Люком Смитом и Марком Ноузворти, получил название Payback. По описанию Шрайера, это должен был быть «будущий» Destiny — с той же вселенной, но, возможно, без привычного названия франшизы. Структура игры значительно отличалась от того, к чему привыкли фанаты Destiny. Шрайер сравнил Payback с Genshin Impact: акцент на героях, открытый мир, исследование и решение "
2026-09-28T10:10:06+00:00,1085660,1844751498221486,2026-09-24T13:10:28+00:00,PlayGround.ru - официальная группа,"В Destiny 2 вернется вырезанный контент, но Bungie не планирует возвращаться к регулярным обновлениям",https://steamstore-a.akamaihd.net/news/externalpost/PlayGround.ru - официальная группа/1844751498221486,"Bungie собирается вернуть в Destiny 2 значительный объём ранее отключённого контента, однако это не означает полноценного возвращения игры к прежней модели поддержки. Согласно отчёту Forbes, команда не планирует возобновлять регулярный выпуск крупных обновлений и нового контента. Речь идёт о кампаниях, рейдах и миссиях, которые ранее были удалены в рамках системы vaulting. После запланированного возвращения они станут бесплатно доступны всем игрокам, в том числе тем, кто не владел ими до отключе"
2026-09-28T10:10:06+00:00,1085660,1844115010503885,2026-09-22T10:58:45+00:00,"Rock, Paper, Shotgun","Bungie decide their destiny is to do more Destiny after all, pledging to bring back vaulted Destiny 2 campaigns while declaring that Marathon ""needs to evolve""","https://steamstore-a.akamaihd.net/news/externalpost/Rock, Paper, Shotgun/1844115010503885","Not long after announcing <a href=""https://www.rockpapershotgun.com/marathons-next-major-update-runs-a-few-months-further-away-permanent-pve-in-hand-as-bungie-ditch-their-strict-seasonal-schedule"">changes to how they'll handle</a> majorly updating <a href=""https://www.rockpapershotgun.com/games/marathon-2025"">Marathon</a> going forwards, Bungie have reversed course on their decision to <a href=""https://www.rockpapershotgun.com/most-of-bungies-staff-were-reportedly-unaware-of-the-decision-to-end-"
2026-09-28T10:10:06+00:00,1085660,1844115010502705,2026-09-21T23:24:23+00:00,PC Gamer,"Bungie unvaulting Destiny 2 content was a studio-saving emergency decision, because Marathon updates were never going to be enough",https://steamstore-a.akamaihd.net/news/externalpost/PC Gamer/1844115010502705,"Over the past couple of months, my Destiny 2 Fireteam has given me a tour of the Destiny 2 content I missed when I hopped off the train following the pandemic. When you play all the dungeons back-to-back, it's a buffet of delights—a concentrated dose of amazing and frequently obtuse FPS level design that you simply can't find anywhere else. A reminder that Bungie, pre-layoffs, was the very best at what it did... <a href=""https://www.pcgamer.com/games/fps/bungie-unvaulting-destiny-2-content-was-a"
2026-09-28T10:10:06+00:00,1085660,1844115010504108,2026-09-21T22:29:34+00:00,Gamemag.ru,Официально: Bungie возобновит поддержку Destiny 2 и вернёт весь удалённый контент,https://steamstore-a.akamaihd.net/news/externalpost/Gamemag.ru/1844115010504108,"<strong>Bungie </strong>объявила о решении возобновить поддержку <strong>Destiny 2</strong>. Как пояснил новый лидер студии<em> Порья Торкан, </em>за последние несколько лет Bungie лишилась доверия со стороны аудитории и потеряла ценных специалистов. Сейчас она намерена трансформироваться."
2026-09-28T10:10:06+00:00,1085660,1844115010502066,2026-09-21T17:13:29+00:00,PC Gamer,Bungie un-cancels Destiny: Vaulted content is coming back as new leadership promises 'Destiny is foundational to our future',https://steamstore-a.akamaihd.net/news/externalpost/PC Gamer/1844115010502066,"Bungie's new leadership duo laid out the ""next chapter of Bungie"" today in a blog post with an accompanying video. The big news is that Bungie has essentially uncanceled Destiny 2, or will at least go the lengths to finally undo its greatest mistake: vaulting a bunch of raids and multiple of its story campaigns. Funnily enough, that work has already begun on the community side with a <a href=""https://www.pcgamer.com/games/fps/destiny-2-players-are-learning-how-to-crack-into-its-infamous-content-"
2026-09-28T10:10:06+00:00,1085660,1844115010501848,2026-09-21T16:15:11+00:00,PlayGround.ru - официальная группа,Destiny возвращается после отмены поддержки благодаря фанатам - Bungie вернёт вырезанный контент и готовит новые игры,https://steamstore-a.akamaihd.net/news/externalpost/PlayGround.ru - официальная группа/1844115010501848,"Bungie неожиданно пересмотрела планы по развитию Destiny 2. Всего через несколько месяцев после заявления о прекращении выпуска нового контента студия объявила о возвращении ранее удалённых материалов и подтвердила, что у вселенной Destiny есть будущее за пределами текущей игры. Главной частью заявления стало возвращение контента, который начал исчезать из Destiny 2 ещё в 2020 году. Bungie планирует вернуть кампании и локации Red War и Forsaken, а также более ранние дополнения Curse of Osiris и "
2026-09-28T10:10:06+00:00,1085660,1842846814452504,2026-09-07T03:20:09+00:00,Gamemag.ru,Bungie готова сдать в аренду свою штаб-квартиру на срок до 2035 года,https://steamstore-a.akamaihd.net/news/externalpost/Gamemag.ru/1842846814452504,"В 2021 году американское руководство<strong> Bungie</strong> объявило о масштабном расширении (почти в три раза) штаб-квартиры студии в штате Вашингтон. По данным СМИ, на кампус площадью 1,9 гектара было потрачено несколько сотен миллионов долларов."
2026-09-28T10:10:06+00:00,1085660,1842212951311089,2026-08-31T16:20:00+00:00,Gamemag.ru,Джейсон Шрайер: За последние годы Bungie отменила несколько сервисов — они должны были принести Sony большие деньги,https://steamstore-a.akamaihd.net/news/externalpost/Gamemag.ru/1842212951311089,"До присоединения к<strong> Sony</strong> студия <strong>Bungie</strong> одновременно занималась приблизительно пятью-шестью проектами, включая поддержку <strong>Destiny 2</strong>, разработку <strong>Marathon</strong> и создание нескольких других сервисов. Об этом рассказал журналист <strong>Bloomberg Джейсон Шрайер</strong> в новом видео."
2026-09-28T10:10:06+00:00,1085660,1840310314340132,2026-08-05T20:12:21+00:00,PC Gamer,Destiny 2 players are learning how to crack into its infamous content vault by tinkering with old game builds,https://steamstore-a.akamaihd.net/news/externalpost/PC Gamer/1840310314340132,"In June 2020, Bungie made what would come to be remembered as one of the most reviled PR incidents in modern videogames: It announced <a href=""https://www.pcgamer.com/heres-everything-being-removed-from-destiny-2-at-the-end-of-this-seasonits-a-lot/"" target=""_blank"">the content vault</a>. To make Destiny 2's long-term development more manageable, the studio said, the launch of its Beyond Light expansion coincided with a culling of in-game content, paring away story campaigns, world regions, and a"
2026-09-28T10:10:06+00:00,1085660,1839041357032122,2026-07-25T15:00:00+00:00,PC Gamer,"Discussion time: Have you ever said goodbye to an MMO you've played for 1,000s of hours?",https://steamstore-a.akamaihd.net/news/externalpost/PC Gamer/1839041357032122,"s someone who writes guides for a living, I'm always hopping between different games, riding the ever-rolling wave of live service updates, DLC, and new releases that define our industry. I've dipped my toes into all sorts of MMOs over the years, but amidst the constant barrage of games, only one ended up sticking around for me, and that was Destiny 2... <a href=""https://www.pcgamer.com/games/mmo/discussion-time-have-you-ever-said-goodbye-to-an-mmo-youve-played-for-1-000s-of-hours/?utm_source=st"
2026-09-28T10:10:06+00:00,1085660,1837955055363349,2026-07-13T12:38:10+00:00,PC Gamer,"Warframe creative director says Destiny 2's end is tragic, because even with hard work 'the business side of this industry always gets the last remark'",https://steamstore-a.akamaihd.net/news/externalpost/PC Gamer/1837955055363349,"<a href=""https://www.pcgamer.com/destiny-2/"">Destiny 2</a> isn't going anywhere, but it also isn't… well, <em>going </em>anywhere. The game's servers will still be running for the foreseeable future, but <a href=""https://www.pcgamer.com/games/fps/destiny-2-ending-live-service-content-updates-in-june-as-bungie-moves-on-to-a-new-beginning/"">Bungie has since ceased updates</a> to its flagship shooter to move onto other projects, tragically <a href=""https://www.pcgamer.com/gaming-industry/with-desti"
2026-09-28T10:10:06+00:00,1085660,1836506165584471,2026-07-09T19:47:19+00:00,PC Gamer,Destiny 2 players get a final farewell gift from Bungie,https://steamstore-a.akamaihd.net/news/externalpost/PC Gamer/1836506165584471,"<a href=""https://www.pcgamer.com/destiny-2/"" target=""_blank"">Destiny 2</a> is done: The final patch is out, Bungie is decimated, and the game will remain playable but the story of one of the biggest, best and most influential online shooters ever is over. To memorialize the moment, Bungie has rolled out one last gift for players: A new emblem, free for everyone, called Gloriabundus... <a href=""https://www.pcgamer.com/games/fps/destiny-2-players-get-a-final-farewell-gift-from-bungie/?utm_source=s"
2026-09-28T10:10:06+00:00,1085660,1836506165581861,2026-07-08T23:08:04+00:00,PC Gamer,Former Destiny 2 and Marathon director settles $200 million lawsuit against Sony and Bungie: 'The outcome is one I am very satisfied with',https://steamstore-a.akamaihd.net/news/externalpost/PC Gamer/1836506165581861,"Former Destiny 2 and Marathon director Christopher Barrett has settled his lawsuit against Sony and Bungie. Terms of the settlement were not disclosed, but Barrett implied a favorable outcome, saying he's ""very satisfied"" with it... <a href=""https://www.pcgamer.com/games/former-destiny-2-and-marathon-director-settles-usd200-million-lawsuit-against-sony-and-bungie-the-outcome-is-one-i-am-very-satisfied-with/?utm_source=steam&utm_medium=referral"" target=""_blank"">Read more.</a>"
2026-09-28T10:10:06+00:00,1085660,1836506165581087,2026-07-08T15:58:16+00:00,PC Gamer,Players prove Destiny 2 can still produce wonders with discovery of poopy pants transmog,https://steamstore-a.akamaihd.net/news/externalpost/PC Gamer/1836506165581087,"Destiny 2 has entered its long goodnight. Despite earlier assurances that Destiny 2 will ""remain playable"" for the foreseeable future, the studio <a href=""https://x.com/A_dmg04/status/2074539218999890083?s=20"" target=""_blank"">now seems to be signaling</a> that its ability to ensure the game's ongoing health is constrained. Even if Bungie and Sony had the will to ensure Destiny 2's sandbox stays fulfilling in its sunset years, they'd struggle to find someone to make it happen—because most of the "
2026-09-28T10:10:06+00:00,1085660,1836506165580666,2026-07-08T13:16:21+00:00,PC Gamer,You're invited to Destiny's cursed unofficial final raid: Pete Carsons' Vault of Cars,https://steamstore-a.akamaihd.net/news/externalpost/PC Gamer/1836506165580666,"The reasons behind the decline and ultimate end of <a href=""https://www.pcgamer.com/destiny-2/"" target=""_blank"">Destiny 2</a> will always be a topic of discussion. It's, in my opinion, one of the biggest fumbles in entertainment history. No one thing is to blame, but <a href=""https://www.pcgamer.com/games/bungie-ceo-pete-parsons-retires-with-destiny-2-sentiment-at-an-all-time-low-and-pressure-from-sony-growing-parsons-has-decided-its-time-to-pass-the-torch-and-head-for-an-exit/"" target=""_blank"">"
2026-09-28T10:10:06+00:00,1085660,1836506165552137,2026-06-25T23:31:47+00:00,PC Gamer,"Amid mass layoffs at Bungie, the official White House X account issues sociopathic Destiny 2 meme",https://steamstore-a.akamaihd.net/news/externalpost/PC Gamer/1836506165552137,"In its latest videogame-themed, AI-generated meme, the official White House X account has published a Destiny 2 character sheet featuring an unrealistically ripped Donald Trump wielding a <a href=""https://www.pcgamer.com/great-moments-in-pc-gaming-finally-getting-gjallarhorn-to-drop-in-destiny/"">Gjallarhorn</a>... <a href=""https://www.pcgamer.com/gaming-industry/amid-mass-layoffs-at-bungie-the-official-white-house-x-account-issues-sociopathic-destiny-2-meme/?utm_source=steam&utm_medium=referral"""
2026-09-28T10:10:06+00:00,1085660,1836506165549998,2026-06-25T15:59:40+00:00,"Rock, Paper, Shotgun","Following the last Destiny 2 update, layoffs at Bungie are underway, with most of the shooter's team affected","https://steamstore-a.akamaihd.net/news/externalpost/Rock, Paper, Shotgun/1836506165549998","Back in May, Bungie announced that their long running shooter MMO <a href=""https://www.rockpapershotgun.com/games/destiny-2"">Destiny 2</a> would be getting its <a href=""https://www.rockpapershotgun.com/destiny-2-is-getting-its-final-update-in-june-and-the-team-reportedly-face-significant-layoffs-as-soon-as-its-out-the-door"">final ever big update in June</a>. At the time there were rumours that layoffs would follow not long after the update arrived. Now, a little over two weeks since the update d"
2026-09-28T10:10:06+00:00,1085660,1836506165549821,2026-06-25T15:32:50+00:00,PC Gamer,"With Destiny 2 over, Bungie lays off 'most of the Destiny team and some Marathon team members'",https://steamstore-a.akamaihd.net/news/externalpost/PC Gamer/1836506165549821,"Bungie has announced a ""reduction in force"" as it reorganizes following the end of development on <a href=""https://www.pcgamer.com/destiny-2/"" target=""_blank"">Destiny 2</a>, saying that with its premiere game now ended and new projects still in very early stages of development, ""we unfortunately could not continue operating at our previous size."".. <a href=""https://www.pcgamer.com/gaming-industry/with-destiny-2-over-bungie-lays-off-employees-to-align-the-studios-resources-with-its-current-priori"
2026-09-28T10:10:06+00:00,1085660,1836506165546923,2026-06-24T19:02:39+00:00,PC Gamer,"'Don't blame yourselves' for Destiny 2's end, community lead tells players: 'No words can accurately depict how lucky we are to have shared these worlds with you'",https://steamstore-a.akamaihd.net/news/externalpost/PC Gamer/1836506165546923,"<a href=""https://www.pcgamer.com/destiny-2/"">Destiny 2</a> has reached the end of the line: The <a href=""https://www.pcgamer.com/games/live/news/destiny-2s-final-update-live-coverage-of-the-end-of-an-era/"" target=""_blank"">final update</a> is live, <a href=""https://www.pcgamer.com/games/fps/time-to-get-a-little-sadder-about-destiny-2-twids-are-coming-to-an-end/"" target=""_blank"">TWIDs are over</a>, and we're all left wondering how the one-time king of live service shooters has come to such ignomin"
2026-09-28T10:10:06+00:00,578080,1844751498228394,2026-09-27T02:04:58+00:00,Community Announcements,PUBG Americas Series 2: Playoffs 2 Day 3 is LIVE!!,https://steamstore-a.akamaihd.net/news/externalpost/steam_community_announcements/1844751498228394,"The PUBG Americas Series 2 Playoffs begin tonight at 4pm EDT / 7pm EST!Over the course of three match days this weekend, we will whittle down 29 teams into 16 finalists! Who will make the cut?The PAS2 Playoffs have a unique qualification format. After each day of Playoffs, the leaderboard resets and the amount of qualification slots is lower on each consecutive day. Check out the full breakdown below!"
2026-09-28T10:10:06+00:00,578080,1844751498228384,2026-09-27T01:57:32+00:00,Community Announcements,PUBG EMEA Championship: Playoffs 2 Day 3 is LIVE!!,https://steamstore-a.akamaihd.net/news/externalpost/steam_community_announcements/1844751498228384,"The PUBG EMEA Championship: Fall Playoffs are about to kick off tonight at 18:00 CEST! Over the course of three match days this weekend, we will whittle down 29 teams into 16 finalists! Who will make the cut? The PEC: Fall Playoffs have a unique qualification format. On Day 1, the top 8 teams in the 16-team lobby will qualify straight to the Finals. Teams who miss out will have a second chance on Day 2 with an easier lobby - but there will only be 5 qualification spots up for grabs. Finally, on "
2026-09-28T10:10:06+00:00,578080,1844751498226371,2026-09-26T02:16:49+00:00,Community Announcements,PUBG Americas Series 2: Playoffs 2 Day 2 is LIVE!!,https://steamstore-a.akamaihd.net/news/externalpost/steam_community_announcements/1844751498226371,"The PUBG Americas Series 2 Playoffs begin tonight at 4pm EDT / 7pm EST!Over the course of three match days this weekend, we will whittle down 29 teams into 16 finalists! Who will make the cut?The PAS2 Playoffs have a unique qualification format. After each day of Playoffs, the leaderboard resets and the amount of qualification slots is lower on each consecutive day. Check out the full breakdown below!"
2026-09-28T10:10:06+00:00,578080,1844751498226291,2026-09-26T01:06:11+00:00,Community Announcements,PUBG EMEA Championship: Playoffs 2 Day 2 is LIVE!!,https://steamstore-a.akamaihd.net/news/externalpost/steam_community_announcements/1844751498226291,"The PUBG EMEA Championship: Fall Playoffs are about to kick off tonight at 18:00 CEST! Over the course of three match days this weekend, we will whittle down 29 teams into 16 finalists! Who will make the cut? The PEC: Fall Playoffs have a unique qualification format. On Day 1, the top 8 teams in the 16-team lobby will qualify straight to the Finals. Teams who miss out will have a second chance on Day 2 with an easier lobby - but there will only be 5 qualification spots up for grabs. Finally, on "
2026-09-28T10:10:06+00:00,578080,1844751498222534,2026-09-24T19:42:22+00:00,Community Announcements,PUBG Americas Series 2: Playoffs 2 Day 1 is LIVE!!,https://steamstore-a.akamaihd.net/news/externalpost/steam_community_announcements/1844751498222534,"The PUBG Americas Series 2 Playoffs begin tonight at 4pm EDT / 7pm EST!Over the course of three match days this weekend, we will whittle down 29 teams into 16 finalists! Who will make the cut?The PAS2 Playoffs have a unique qualification format. After each day of Playoffs, the leaderboard resets and the amount of qualification slots is lower on each consecutive day. Check out the full breakdown below!"
2026-09-28T10:10:06+00:00,578080,1844751498222527,2026-09-24T19:39:43+00:00,Community Announcements,PUBG EMEA Championship: Playoffs 2 Day 1 is LIVE!!,https://steamstore-a.akamaihd.net/news/externalpost/steam_community_announcements/1844751498222527,"The PUBG EMEA Championship: Fall Playoffs are about to kick off tonight at 18:00 CEST! Over the course of three match days this weekend, we will whittle down 29 teams into 16 finalists! Who will make the cut? The PEC: Fall Playoffs have a unique qualification format. On Day 1, the top 8 teams in the 16-team lobby will qualify straight to the Finals. Teams who miss out will have a second chance on Day 2 with an easier lobby - but there will only be 5 qualification spots up for grabs. Finally, on "
2026-09-28T10:10:06+00:00,578080,1844751498217560,2026-09-23T07:01:38+00:00,Community Announcements,PUBG: BATTLEGROUNDS Weekly Bans Notice (09/14~09/20),https://steamstore-a.akamaihd.net/news/externalpost/steam_community_announcements/1844751498217560,{STEAM_CLAN_IMAGE}/27971017/6665b8db8893f3f61b8adffd82c7fa3705dd09be.png Read the full announcement here!
2026-09-28T10:10:06+00:00,578080,1844115010498218,2026-09-20T02:00:59+00:00,Community Announcements,PEC: Fall Finals 1 Day 3 is LIVE!!,https://steamstore-a.akamaihd.net/news/externalpost/steam_community_announcements/1844115010498218,"After an exciting weekend of qualifications (and non-qualifications) at last week’s Playoffs 1, it’s now almost time to crown our first (of two) PUBG EMEA Championship: Fall Champions! Will reigning champions Virtus.pro and NAVI retain their tournament title, or will a new challenger usurp them? I guess you’ll just have to find out this weekend…Here’s your look at the lobby:S8UL09Team VitalityS2G EsportsACEND ClubPGGJoga BonitonoslackVirtus.proEverlongBushido WildcatsBig JohnTwisted MindsVisNatu"
2026-09-28T10:10:06+00:00,578080,1844115010496482,2026-09-19T02:16:59+00:00,Community Announcements,PAS2 Finals 1 Day 2 is LIVE!!,https://steamstore-a.akamaihd.net/news/externalpost/steam_community_announcements/1844115010496482,"After an exciting weekend of qualifications (and non-qualifications) at last week’s Playoffs 1, it’s now almost time to crown our first (of two) PUBG Americas Series 2 Champions! With wins in Finals 1 and 2 of PAS1 respectively, Team Falcons and Team Liquid are the teams to beat. Will their throne(s) be usurped?Here’s your look at the lobby:ROC EsportsCircle NineTeam FalconsTeam LiquidDUELCopenhagen WolvesTOYOPEST ControlGodLike+55 EsportsPer Diem WithholdersARC e-SportsNO WAYNO ORGLast Minute R"
2026-09-28T10:10:06+00:00,578080,1844115010496476,2026-09-19T02:09:21+00:00,Community Announcements,PEC: Fall Finals 1 Day 2 is LIVE!!,https://steamstore-a.akamaihd.net/news/externalpost/steam_community_announcements/1844115010496476,"After an exciting weekend of qualifications (and non-qualifications) at last week’s Playoffs 1, it’s now almost time to crown our first (of two) PUBG EMEA Championship: Fall Champions! Will reigning champions Virtus.pro and NAVI retain their tournament title, or will a new challenger usurp them? I guess you’ll just have to find out this weekend…Here’s your look at the lobby:S8UL09Team VitalityS2G EsportsACEND ClubPGGJoga BonitonoslackVirtus.proEverlongBushido WildcatsBig JohnTwisted MindsVisNatu"
2026-09-28T10:10:06+00:00,578080,1844115010494697,2026-09-18T12:58:10+00:00,Community Announcements,PAS2 Finals 1: Drops available this weekend!,https://steamstore-a.akamaihd.net/news/externalpost/steam_community_announcements/1844115010494697,"After an exciting weekend of qualifications (and non-qualifications) at last week’s Playoffs 1, it’s now almost time to crown our first (of two) PUBG Americas Series 2 Champions! With wins in Finals 1 and 2 of PAS1 respectively, Team Falcons and Team Liquid are the teams to beat. Will their throne(s) be usurped?Here’s your look at the lobby:ROC EsportsCircle NineTeam FalconsTeam LiquidDUELCopenhagen WolvesTOYOPEST ControlGodLike+55 EsportsPer Diem WithholdersARC e-SportsNO WAYNO ORGLast Minute R"
2026-09-28T10:10:06+00:00,578080,1844115010494656,2026-09-18T12:40:18+00:00,Community Announcements,"PEC: Fall Finals 1: Drops, Participating Teams and more!",https://steamstore-a.akamaihd.net/news/externalpost/steam_community_announcements/1844115010494656,"After an exciting weekend of qualifications (and non-qualifications) at last week’s Playoffs 1, it’s now almost time to crown our first (of two) PUBG EMEA Championship: Fall Champions! Will reigning champions Virtus.pro and NAVI retain their tournament title, or will a new challenger usurp them? I guess you’ll just have to find out this weekend…Here’s your look at the lobby:S8UL09Team VitalityS2G EsportsACEND ClubPGGJoga BonitonoslackVirtus.proEverlongBushido WildcatsBig JohnTwisted MindsVisNatu"
2026-09-28T10:10:06+00:00,578080,1844115010493042,2026-09-17T19:01:29+00:00,Community Announcements,Drop In: PUBG College Royale Returns for the Fall 2026 Season!,https://steamstore-a.akamaihd.net/news/externalpost/steam_community_announcements/1844115010493042,"College PUBG competitors, get your squads ready—PlayVS and KRAFTON are teaming up once again to bring back PUBG College Royale for the Fall 2026 season!This free-to-compete event is open to all college students in the U.S. and Canada. Sign up today before the first Qualifier on October 25. Below is everything you need to know about the upcoming season and how to get involved.What’s at Stake?We’re leveling up the rewards this season! Top-placing teams will compete for a share of $15,000 in schola"
2026-09-28T10:10:06+00:00,578080,1844115010488289,2026-09-16T07:00:07+00:00,Community Announcements,PUBG: BATTLEGROUNDS Weekly Bans Notice (09/07~09/13),https://steamstore-a.akamaihd.net/news/externalpost/steam_community_announcements/1844115010488289,{STEAM_CLAN_IMAGE}/27971017/6665b8db8893f3f61b8adffd82c7fa3705dd09be.png Read the full announcement here!
2026-09-28T10:10:06+00:00,578080,1843481262703376,2026-09-15T02:00:01+00:00,Community Announcements,Now Available: Team Edition Skins 2nd Drop!,https://steamstore-a.akamaihd.net/news/externalpost/steam_community_announcements/1843481262703376,"Gear up in your favorite team's colors and hit the Battlegrounds!The second Team Edition skins for the 2026 PUBG Esports Global Partner Teams have arrived. Designed in collaboration with Four Angry Men, Natus Vincere, Twisted Minds, Falcons, Anyone's Legend, and DN SOOPers, each item carries the team's unique identity. Visit the in-game Store to explore the 2026 Team Edition skins. FOUR ANGRY MEN 2026 SET (990 G-Coin)GPT 2026 FOUR ANGRY MEN JacketGPT 2026 - FOUR ANGRY MEN Nameplate NATUS VINCERE"
2026-09-28T10:10:06+00:00,578080,1843481262698650,2026-09-13T01:59:20+00:00,Community Announcements,PUBG Americas Series 2: Playoffs 1 Day 3 is LIVE!!,https://steamstore-a.akamaihd.net/news/externalpost/steam_community_announcements/1843481262698650,"The PUBG Americas Series 2 Playoffs begin tonight at 4pm EDT / 7pm EST!Over the course of three match days this weekend, we will whittle down 29 teams into 16 finalists! Who will make the cut?The PAS2 Playoffs have a unique qualification format. After each day of Playoffs, the leaderboard resets and the amount of qualification slots is lower on each consecutive day. Check out the full breakdown below!An important update: the Twitch & Kick drops originally scheduled for this weekend have been pos"
2026-09-28T10:10:06+00:00,578080,1843481262698644,2026-09-13T01:55:20+00:00,Community Announcements,PUBG EMEA Championship: Playoffs 1 Day 3 is LIVE!!,https://steamstore-a.akamaihd.net/news/externalpost/steam_community_announcements/1843481262698644,"The PUBG EMEA Championship: Fall Playoffs are about to kick off tonight at 18:00 CEST! Over the course of three match days this weekend, we will whittle down 29 teams into 16 finalists! Who will make the cut? The PEC: Fall Playoffs have a unique qualification format. On Day 1, the top 8 teams in the 16-team lobby will qualify straight to the Finals. Teams who miss out will have a second chance on Day 2 with an easier lobby - but there will only be 5 qualification spots up for grabs. Finally, on "
2026-09-28T10:10:06+00:00,578080,1843481262696827,2026-09-12T02:02:47+00:00,Community Announcements,PUBG Americas Series 2: Playoffs 1 Day 2 is LIVE!!,https://steamstore-a.akamaihd.net/news/externalpost/steam_community_announcements/1843481262696827,"The PUBG Americas Series 2 Playoffs begin tonight at 4pm EDT / 7pm EST!Over the course of three match days this weekend, we will whittle down 29 teams into 16 finalists! Who will make the cut?The PAS2 Playoffs have a unique qualification format. After each day of Playoffs, the leaderboard resets and the amount of qualification slots is lower on each consecutive day. Check out the full breakdown below!An important update: the Twitch & Kick drops originally scheduled for this weekend have been pos"
2026-09-28T10:10:06+00:00,578080,1843481262696801,2026-09-12T01:39:15+00:00,Community Announcements,PUBG EMEA Championship: Playoffs 1 Day 2 is LIVE!!,https://steamstore-a.akamaihd.net/news/externalpost/steam_community_announcements/1843481262696801,"The PUBG EMEA Championship: Fall Playoffs are about to kick off tonight at 18:00 CEST! Over the course of three match days this weekend, we will whittle down 29 teams into 16 finalists! Who will make the cut? The PEC: Fall Playoffs have a unique qualification format. On Day 1, the top 8 teams in the 16-team lobby will qualify straight to the Finals. Teams who miss out will have a second chance on Day 2 with an easier lobby - but there will only be 5 qualification spots up for grabs. Finally, on "
2026-09-28T10:10:06+00:00,1203220,1844751498218431,2026-09-23T13:32:17+00:00,Community Announcements,NARAKA: BLADEPOINT Banned Players List September 23rd,https://steamstore-a.akamaihd.net/news/externalpost/steam_community_announcements/1844751498218431,"Dear players,NARAKA: BLADEPOINT is committed to creating a fair and healthy competitive environment. We have not only used new anti-cheat technologies, but also established special cheat-reporting reward activities to encourage those players who defend the fairness with us. From now on, players who make outstanding contributions to reporting cheats will get the Legendary spear skin 'Righteous Polearm' .More details:1. Players who successfully reported 1 time will get \ X1;2. Players who successf"
2026-09-28T10:10:06+00:00,1203220,1844115010489349,2026-09-16T14:56:31+00:00,Community Announcements,"NARAKA: BLADEPOINT Update –September 16th, 2026",https://steamstore-a.akamaihd.net/news/externalpost/steam_community_announcements/1844115010489349,"Dear players, The servers of NARAKA: BLADEPOINT will be suspended for maintenance from Sep. 16th, 2026 23:00 (UTC) to Sep. 17th, 2026 04:00 (UTC). We suggest you log out in advance and enter the game again after the maintenance. The details for this update are as follows: Brand New ContentI. Casual Mode: Martial Artist Duel·Competition· In Martial Artist Duel·Competition, every Hero's initial Rage will start at 100%. · The competition will be played in a best-of-five format. The first player to "
2026-09-28T10:10:06+00:00,1203220,1844115010488275,2026-09-16T06:51:53+00:00,Community Announcements,NARAKA: BLADEPOINT Banned Players List September 15th,https://steamstore-a.akamaihd.net/news/externalpost/steam_community_announcements/1844115010488275,"Dear players,NARAKA: BLADEPOINT is committed to creating a fair and healthy competitive environment. We have not only used new anti-cheat technologies, but also established special cheat-reporting reward activities to encourage those players who defend the fairness with us. From now on, players who make outstanding contributions to reporting cheats will get the Legendary spear skin 'Righteous Polearm' .More details:1. Players who successfully reported 1 time will get \ X1;2. Players who successf"
2026-09-28T10:10:06+00:00,1203220,1842846814456139,2026-09-08T16:06:16+00:00,Community Announcements,NARAKA: BLADEPOINT Banned Players List September 8th,https://steamstore-a.akamaihd.net/news/externalpost/steam_community_announcements/1842846814456139,"Dear players, NARAKA: BLADEPOINT is committed to creating a fair and healthy competitive environment. We have not only used new anti-cheat technologies, but also established special cheat-reporting reward activities to encourage those players who defend the fairness with us. From now on, players who make outstanding contributions to reporting cheats will get the Legendary spear skin 'Righteous Polearm' . More details:1. Players who successfully reported 1 time will get \ X1; 2. Players who succe"
2026-09-28T10:10:06+00:00,1203220,1842846814442378,2026-09-03T06:23:13+00:00,Community Announcements,"NARAKA: BLADEPOINT Update –September 3rd, 2026",https://steamstore-a.akamaihd.net/news/externalpost/steam_community_announcements/1842846814442378,"Dear players, The servers of NARAKA: BLADEPOINT will be suspended for maintenance from Sep. 2nd, 2026 23:00 (UTC) to Sep. 3rd, 2026 04:00 (UTC). We suggest you log out in advance and enter the game again after the maintenance. The details for this update are as follows: Brand New ContentI. Showdown Season 6.0: Sandforge 1. New Hero Inor WanForged in storm to cleave the wind.Inor Wan has joined Showdown! He arrives with an all-new skill and ultimate, unlike those in the Survival modes! 2. New Bos"
2026-09-28T10:10:06+00:00,1203220,1842212951313370,2026-09-01T13:10:44+00:00,Community Announcements,NARAKA: BLADEPOINT Banned Players List September 1st,https://steamstore-a.akamaihd.net/news/externalpost/steam_community_announcements/1842212951313370,"Dear players, NARAKA: BLADEPOINT is committed to creating a fair and healthy competitive environment. We have not only used new anti-cheat technologies, but also established special cheat-reporting reward activities to encourage those players who defend the fairness with us. From now on, players who make outstanding contributions to reporting cheats will get the Legendary spear skin 'Righteous Polearm' . More details:1. Players who successfully reported 1 time will get \ X1; 2. Players who succe"
2026-09-28T10:10:06+00:00,1203220,1841579228678222,2026-08-25T12:48:37+00:00,Community Announcements,NARAKA: BLADEPOINT Banned Players List August 25th,https://steamstore-a.akamaihd.net/news/externalpost/steam_community_announcements/1841579228678222,"Dear players,NARAKA: BLADEPOINT is committed to creating a fair and healthy competitive environment. We have not only used new anti-cheat technologies, but also established special cheat-reporting reward activities to encourage those players who defend the fairness with us. From now on, players who make outstanding contributions to reporting cheats will get the Legendary spear skin 'Righteous Polearm' .More details:1. Players who successfully reported 1 time will get \ X1;2. Players who successf"
2026-09-28T10:10:06+00:00,1203220,1840944183788968,2026-08-18T14:32:58+00:00,Community Announcements,NARAKA: BLADEPOINT Banned Players List August 18th,https://steamstore-a.akamaihd.net/news/externalpost/steam_community_announcements/1840944183788968,"Dear players, NARAKA: BLADEPOINT is committed to creating a fair and healthy competitive environment. We have not only used new anti-cheat technologies, but also established special cheat-reporting reward activities to encourage those players who defend the fairness with us. From now on, players who make outstanding contributions to reporting cheats will get the Legendary spear skin 'Righteous Polearm' . More details: 1. Players who successfully reported 1 time will get \ X1; 2. Players who succ"
2026-09-28T10:10:06+00:00,1203220,1840944183774044,2026-08-12T13:53:55+00:00,Community Announcements,NARAKA: BLADEPOINT Banned Players List August 13th,https://steamstore-a.akamaihd.net/news/externalpost/steam_community_announcements/1840944183774044,"Dear players, NARAKA: BLADEPOINT is committed to creating a fair and healthy competitive environment. We have not only used new anti-cheat technologies, but also established special cheat-reporting reward activities to encourage those players who defend the fairness with us. From now on, players who make outstanding contributions to reporting cheats will get the Legendary spear skin 'Righteous Polearm' . More details: 1. Players who successfully reported 1 time will get \ X1; 2. Players who succ"
2026-09-28T10:10:06+00:00,1203220,1840944183774007,2026-08-12T13:35:40+00:00,Community Announcements,"NARAKA: BLADEPOINT Update – August 13th, 2026",https://steamstore-a.akamaihd.net/news/externalpost/steam_community_announcements/1840944183774007,"Dear players, The servers of NARAKA: BLADEPOINT will be suspended for maintenance from August 12th, 2026 23:00 (UTC) to August 13th, 2026 04:00 (UTC). We suggest you log out in advance and enter the game again after the maintenance. The details for this update are as follows:Brand New ContentI. The King's Avatar Crossover casual mode: Dual-Phase BrawlPeak of glory, fight to the top! Heroes rise — write the next legend of The King's Avatar in the arena and team battles!1. Claim the training skill"
2026-09-28T10:10:06+00:00,1203220,1839676055897435,2026-08-04T13:55:58+00:00,Community Announcements,NARAKA: BLADEPOINT Banned Players List August 4th,https://steamstore-a.akamaihd.net/news/externalpost/steam_community_announcements/1839676055897435,"Dear players, NARAKA: BLADEPOINT is committed to creating a fair and healthy competitive environment. We have not only used new anti-cheat technologies, but also established special cheat-reporting reward activities to encourage those players who defend the fairness with us. From now on, players who make outstanding contributions to reporting cheats will get the Legendary spear skin 'Righteous Polearm' . More details: 1. Players who successfully reported 1 time will get \ X1; 2. Players who succ"
2026-09-28T10:10:06+00:00,1203220,1839676055884356,2026-07-30T06:20:29+00:00,Community Announcements,New Hero Ye Xiu and First Transforming Weapon Available NOW,https://steamstore-a.akamaihd.net/news/externalpost/steam_community_announcements/1839676055884356,"A Fast, Unpredictable New FighterYe Xiu’s skill set has been carefully designed to reflect the tactical approach of his original character, making him far more than a simple cosmetic reskin. His combat mechanics are built around rapid movement, counterattacks, and flexible combo chains, while offering both powerful area-of-effect damage and impressive single-target burst. This makes him one of the few truly well-rounded heroes in NARAKA: BLADEPOINT, delivering exceptional versatility with virtua"
2026-09-28T10:10:06+00:00,1203220,1839676055882951,2026-07-29T16:03:28+00:00,Community Announcements,"NARAKA: BLADEPOINT Update – July 30th, 2026",https://steamstore-a.akamaihd.net/news/externalpost/steam_community_announcements/1839676055882951,"Dear players, The servers of NARAKA: BLADEPOINT will be suspended for maintenance from July 29th, 2026 23:00 (UTC) to July 30th, 2026 04:00 (UTC). We suggest you log out in advance and enter the game again after the maintenance. The details for this update are as follows:Brand New ContentI. New Hero: Ye Xiu He has stood at the peak and weathered the lows. Ten years of passion, unchanged at heart.The master who forged a three-peat legend. The captain who rebuilt from nothing after a snowy night.T"
2026-09-28T10:10:06+00:00,1203220,1839041357038455,2026-07-28T14:25:13+00:00,Community Announcements,NARAKA: BLADEPOINT Banned Players List July 28th,https://steamstore-a.akamaihd.net/news/externalpost/steam_community_announcements/1839041357038455,"Dear players, NARAKA: BLADEPOINT is committed to creating a fair and healthy competitive environment. We have not only used new anti-cheat technologies, but also established special cheat-reporting reward activities to encourage those players who defend the fairness with us. From now on, players who make outstanding contributions to reporting cheats will get the Legendary spear skin 'Righteous Polearm' . More details: 1. Players who successfully reported 1 time will get \ X1; 2. Players who succ"
2026-09-28T10:10:06+00:00,1203220,1838407329269204,2026-07-21T15:00:15+00:00,Community Announcements,NARAKA: BLADEPOINT Banned Players List July 21st,https://steamstore-a.akamaihd.net/news/externalpost/steam_community_announcements/1838407329269204,"Dear players, NARAKA: BLADEPOINT is committed to creating a fair and healthy competitive environment. We have not only used new anti-cheat technologies, but also established special cheat-reporting reward activities to encourage those players who defend the fairness with us. From now on, players who make outstanding contributions to reporting cheats will get the Legendary spear skin 'Righteous Polearm' . More details: 1. Players who successfully reported 1 time will get \ X1; 2. Players who succ"
2026-09-28T10:10:06+00:00,1203220,1838407329254538,2026-07-15T15:31:33+00:00,Community Announcements,"NARAKA: BLADEPOINT Update – July 16th, 2026",https://steamstore-a.akamaihd.net/news/externalpost/steam_community_announcements/1838407329254538,"Dear players, The servers of NARAKA: BLADEPOINT will be suspended for maintenance from Jul. 15th, 2026 23:00 (UTC) to Jul. 16th, 2026 04:00 (UTC). We suggest you log out in advance and enter the game again after the maintenance. The details for this update are as follows: Brand New Content I. Rift Traversal New Chapter: Stormchant Part I The Qin was rotting from within. Marching convicts to Mount Li, Liu Bang saw them scatter into the night — so he freed the rest and vanished into the Mangdang M"
2026-09-28T10:10:06+00:00,1203220,1837955055365686,2026-07-14T10:07:34+00:00,Community Announcements,NARAKA: BLADEPOINT Banned Players List July 14th,https://steamstore-a.akamaihd.net/news/externalpost/steam_community_announcements/1837955055365686,"Dear players, NARAKA: BLADEPOINT is committed to creating a fair and healthy competitive environment. We have not only used new anti-cheat technologies, but also established special cheat-reporting reward activities to encourage those players who defend the fairness with us. From now on, players who make outstanding contributions to reporting cheats will get the Legendary spear skin 'Righteous Polearm' . More details: 1. Players who successfully reported 1 time will get \ X1; 2. Players who succ"
2026-09-28T10:10:06+00:00,1203220,1836506165578106,2026-07-07T13:58:59+00:00,Community Announcements,NARAKA: BLADEPOINT Banned Players List July 7th,https://steamstore-a.akamaihd.net/news/externalpost/steam_community_announcements/1836506165578106,"Dear players, NARAKA: BLADEPOINT is committed to creating a fair and healthy competitive environment. We have not only used new anti-cheat technologies, but also established special cheat-reporting reward activities to encourage those players who defend the fairness with us. From now on, players who make outstanding contributions to reporting cheats will get the Legendary spear skin 'Righteous Polearm' . More details: 1. Players who successfully reported 1 time will get \ X1; 2. Players who succ"
2026-09-28T10:10:06+00:00,1203220,1836506165566988,2026-07-02T03:45:18+00:00,Community Announcements,"NARAKA: BLADEPOINT Update – July 2nd, 2026",https://steamstore-a.akamaihd.net/news/externalpost/steam_community_announcements/1836506165566988,"Dear players,The servers of NARAKA: BLADEPOINT will be suspended for maintenance from Jul. 1, 2026 23:00 (UTC) to Jul. 2, 2026 04:00 (UTC). We suggest you log out in advance and enter the game again after the maintenance.The details for this update are as follows:Brand New ContentI. Introducing an all-new map: Wanchu!Wanchu drifts on the vast sea, Twin Luminaries light the past. Five major areasTwin Luminaries City: A lost civilization that worshipped twin deities. Statues of the twin monarchs s"
2026-09-28T10:10:06+00:00,1203220,1836506165566927,2026-07-02T03:07:29+00:00,Community Announcements,Celebrate NARAKA: BLADEPOINT's 5th Anniversary NOW!,https://steamstore-a.akamaihd.net/news/externalpost/steam_community_announcements/1836506165566927,"Beneath the Waves, a New Battlefield AwakensAs the highlight of the anniversary update, Wanchu takes the battle royale action underwater for the first time. Built around a dedicated underwater combat system, the map allows players to dodge, ascend, descend, and fight across a more three-dimensional battlefield. Available now!5-week None-stop Rewards!To thank players for five years of support, the anniversary update will bring a wide range of free rewards — fan-favorite premium skins, cosmetics, "
2026-09-28T10:10:06+00:00,236390,1844751498226574,2026-09-26T05:10:03+00:00,Community Announcements,Screenshot Competition – Into the Fray!,https://steamstore-a.akamaihd.net/news/externalpost/steam_community_announcements/1844751498226574,"{STEAM_CLAN_IMAGE}/4649813/d66fbf64694823ff8108572f51a5f97fb097c0db.png Welcome to the 243rd War Thunder Steam Screenshot Competition! We enjoyed getting to see your screenshots from the latest major update, Sky Odyssey! For this competition, we’re looking to capture screenshots of vehicles in combat. Pick your favorite vehicle, and capture it in the heat of battle - whether it is with a display of firepower, or the middle of a dogfight! The three most popular and three selected by us will get 3"
2026-09-28T10:10:06+00:00,236390,1844751498219209,2026-09-23T17:46:11+00:00,Community Announcements,Moments of Valor: Saudi Arabia,https://steamstore-a.akamaihd.net/news/externalpost/steam_community_announcements/1844751498219209,"Abdulaziz ibn Abdurrahman Al Saud became the Emir of Riyadh in 1902 and, over the next 30 years, devoted all his efforts to uniting the surrounding emirates under his leadership. He succeeded, and on September 23rd 1932, he proclaimed the establishment of a new state: the Kingdom of Saudi Arabia.To mark the occasion, we’re releasing a new video in the Moments of Valor series dedicated to Saudi Arabia, and bringing back rare bundles at a discount!M728 CEV PackTo get to the Gaijin Store through St"
2026-09-28T10:10:06+00:00,236390,1844751498218727,2026-09-23T15:08:07+00:00,Community Announcements,Update 2.59.0.28,https://steamstore-a.akamaihd.net/news/externalpost/steam_community_announcements/1844751498218727,"AircraftMosquito FB Mk VI (UK), Mosquito FB Mk VI (Sweden), Mosquito FB Mk VI ASH, Mosquito FB.Mk.26, Mosquito TR.Mk.33 — an issue where one of the four 20 mm cannons was missing from the X-ray view has been fixed. (Report).FFAR, Hydra 70, S-8, S-24 (all variants), S-25 (all variants), Nasser 240, Pampero, PRN-122, R4M, Wfr.Gr.21, RZ.65, S-1of, CRV7, Type 3, Type 5, Yasser — with the release of the Sky Odyssey major update, the remote detonation capability has been disabled for unguided aircraft"
2026-09-28T10:10:06+00:00,236390,1844115010504531,2026-09-22T15:16:00+00:00,Community Announcements,Update 2.59.0.22,https://steamstore-a.akamaihd.net/news/externalpost/steam_community_announcements/1844115010504531,"AircraftHawk (all variants) — a bug that caused the aircraft to shake when turning in Arcade Battles has been fixed.CA-27 Mk.32 (Great Britain), CA-27 Mk.32 (Japan) — the name, description and icon for the modification that unlocks 1,000 lb bombs have been fixed. (Report).CA-27 Mk.32 (Great Britain), CA-27 Mk.32 (Japan), F-86E(M) (Israel) — the non-functional gyroscopic gunsight in the cockpit has been fixed.F-86E(M) (Israel) — flight model parameters have been adjusted to the level of CL-13 Mk."
2026-09-28T10:10:06+00:00,236390,1844115010496623,2026-09-19T05:00:02+00:00,Community Announcements,Screenshot Competition – Sky Odyssey!,https://steamstore-a.akamaihd.net/news/externalpost/steam_community_announcements/1844115010496623,"{STEAM_CLAN_IMAGE}/4649813/d66fbf64694823ff8108572f51a5f97fb097c0db.png Welcome to the 242nd War Thunder Steam Screenshot Competition! Thanks for all of your awesome submissions last week! This week, we released a major update! Sky Odyssey brings many new vehicles, new and updated maps, UI changes and more. This is your chance to showcase what you like the most from the latest major update! The three most popular and three selected by us will get 300 GE. See the winners down below! Let’s begin t"
2026-09-28T10:10:06+00:00,236390,1844115010495099,2026-09-18T15:00:26+00:00,Community Announcements,Update 2.59.0.13,https://steamstore-a.akamaihd.net/news/externalpost/steam_community_announcements/1844115010495099,AircraftA final camera-tracking sequence showing the target being hit by the missile has been added to the missile tracking camera.A bug that sometimes caused the calculation of the multipath effect to work incorrectly when the target missile (most often an anti-ship missile) was above water has been fixed.Ka-52 — an issue where the radar could be used to guide multiple 9M120-1 Ataka missiles simultaneously has been fixed. (Report).Wildcat HMA2 — a bug that caused the beam-riding LMM Martlet mis
2026-09-28T10:10:06+00:00,236390,1844115010495022,2026-09-18T14:35:21+00:00,Community Announcements,"The Pro League Major III has Concluded, the Grand Finals Are Coming!",https://steamstore-a.akamaihd.net/news/externalpost/steam_community_announcements/1844115010495022,"Last weekend marked the conclusion of the WTCS Pro League Major III, the third and last pro major event of the War Thunder Championship Series regular season.In the end, Team Voyager secured first place with 126 points. Close behind, Team AVReS claimed second place with 108 points, while Team DODEC completed the podium in third place with 88 points.With this final Major now behind us, the regular season is over: the stage is set, the top teams are locked in, and everything now points toward the "
2026-09-28T10:10:06+00:00,236390,1844115010494751,2026-09-18T13:12:52+00:00,Community Announcements,Discounts on Rare Variants of the Mi-24 for the Anniversary of its First Flight!,https://steamstore-a.akamaihd.net/news/externalpost/steam_community_announcements/1844115010494751,"The maiden flight of the first production model of the Soviet Mi-24 attack helicopter took place on September 19th 1969. Capable of carrying up to eight troops and withstanding small arms fire, it also held the speed record among helicopters for a long time. These qualities ensured its widespread adoption and high demand: over 2,500 Mi-24s were produced, and some remain in service to this day. The Mi-24, known in NATO as the “Hind”, became a symbol of Soviet helicopter engineering.Three Mi-24 va"
2026-09-28T10:10:06+00:00,236390,1844115010494688,2026-09-18T12:53:39+00:00,Community Announcements,"A Decal, a Discount, & a Rare Vehicle for the US Air Force’s Birthday!",https://steamstore-a.akamaihd.net/news/externalpost/steam_community_announcements/1844115010494688,"On September 18th 1947, the United States Air Force became a separate branch of the armed forces. Its personnel strength peaked during the Korean War, when it comprised nearly a million people; around 900,000 served during the Vietnam War as well. Today, the U.S. Air Force has approximately 320,000 personnel. It is the most funded air force in the world and possesses the largest fleet of aircraft. Bostwick’s P-47M-1-RE and Wetmore’s P-51D-10 are temporarily available for Golden Eagles!When: From"
2026-09-28T10:10:06+00:00,236390,1844115010492259,2026-09-17T14:38:29+00:00,Community Announcements,Update 2.59.0.11,https://steamstore-a.akamaihd.net/news/externalpost/steam_community_announcements/1844115010492259,AircraftF-102A — a bug that caused some textures inside the air intakes to be missing has been fixed. (Report).JAS39E — restrictions on simultaneously carrying ordnance on the fuselage hardpoints have been adjusted to prevent the visual models of the weapons from clipping. (Report).Do 217 J-2 — erroneously added bomb modifications have been removed. Silver Lions and Golden Eagles spent on purchasing the removed modifications will be compensated. (Report).B-26B (Indonesia) — a bug that caused the
2026-09-28T10:10:06+00:00,236390,1844115010491668,2026-09-17T11:02:01+00:00,Community Announcements,USS Arkansas Returns with a Discount for its Commissioning Anniversary!,https://steamstore-a.akamaihd.net/news/externalpost/steam_community_announcements/1844115010491668,"The dreadnought USS Arkansas was laid down in January 1910, launched a year later, and commissioned into the U.S. Navy on September 17th 1912. During the Second World War, she provided fire support during the landings in Normandy and Provence, as well as at Iwo Jima and Okinawa.USS Arkansas is available at a 30% discount for 5,614 Golden Eagles!When: From September 17th (11:00 GMT) until September 21st (11:00 GMT).Where: USA > Bluewater fleet > Premium vehicles.USS Arkansas is returning for purc"
2026-09-28T10:10:06+00:00,236390,1844115010491360,2026-09-17T09:19:36+00:00,Community Announcements,The YP-38 is Available at a Discount on the Anniversary of its First Flight!,https://steamstore-a.akamaihd.net/news/externalpost/steam_community_announcements/1844115010491360,"The YP-38, the second prototype of the Lockheed P-38 Lightning fighter, made its maiden flight on September 17th 1940. A total of 13 YP-38 aircraft were produced; they were used for testing and training. All key innovations and design features of the P-38 were evaluated using this specific prototype.The YP-38 is temporarily available to purchase at a 20% discount for 920 Golden Eagles!When: From September 17th (09:00 GMT) until September 21st (09:00 GMT).Where: USA > Aviation > Premium vehicles."
2026-09-28T10:10:06+00:00,236390,1844115010488572,2026-09-16T09:20:34+00:00,Community Announcements,Meet the “Sky Odyssey” Major Update!,https://steamstore-a.akamaihd.net/news/externalpost/steam_community_announcements/1844115010488572,"Welcome to Sky Odyssey! This major update introduces a diverse selection of new vehicles, including aircraft and tanks from Greece, the CA-27, the Indian Arjun Mk 1, and the Indonesian Harimau. Additionally, Darwin Hill, set within the landscapes of the Falkland Islands, has been added as a new map for Ground Battles. Beyond new vehicles and maps, enhancements include updated reward mechanics for instances when enemy players abandon a tank or vessel and improved overall survivability for bomber "
2026-09-28T10:10:06+00:00,236390,1843481262704292,2026-09-15T11:23:04+00:00,Community Announcements,A Decal & Discounts for Battle of Britain Day!,https://steamstore-a.akamaihd.net/news/externalpost/steam_community_announcements/1843481262704292,"On September 15th 1940, one of the most important air battles in British history took place, resulting in a strategic victory for Great Britain. By repelling numerous Luftwaffe attacks, Britain prevented Germany from achieving air superiority, putting an end to Operation Sea Lion and preventing the invasion of the island.Unique versions of the Spitfire and Hurricane are temporarily available for Golden Eagles!When: From September 15th (11:00 GMT) until September 18th (11:00 GMT).Where: Great Bri"
2026-09-28T10:10:06+00:00,236390,1843481262702123,2026-09-14T15:47:47+00:00,Community Announcements,HMS Lion: One Last Roar,https://steamstore-a.akamaihd.net/news/externalpost/steam_community_announcements/1843481262702123,"Say hello to HMS Lion! While Vanguard was Britain’s last true battleship, Lion was planned to be their ultimate final design. While she was never fully built, she was laid down, so we’re happy to welcome her to War Thunder!HMS Lion: A Battleship for Britain at Rank VIIAt a glance:Nine 406 mm cannons!Effective protectionPowerful AP roundsDecent speed for a battleshipIntroducing HMS Lion!Today we’re covering HMS Lion, a design that was set to become Britain’s most powerful battleship. She’s a real"
2026-09-28T10:10:06+00:00,236390,1843481262701491,2026-09-14T11:58:19+00:00,Community Announcements,Update 2.57.1.140,https://steamstore-a.akamaihd.net/news/externalpost/steam_community_announcements/1843481262701491,"OtherA bug that caused the game to crash at launch on Mac with Intel HD 500, Iris, Iris Pro graphics and with NVIDIA GeForce 600 and 700 series GPUs has been fixed. (Report).An external web browser is now used to open in-game links on Mac.Patch notes reflect only key changes, meaning they may not include a complete list of all improvements made. Additionally, War Thunder is constantly being updated and some changes may not require an update. Changes reflected in patch notes are formed by taking "
2026-09-28T10:10:06+00:00,236390,1843481262696980,2026-09-12T06:05:13+00:00,Community Announcements,Screenshot Competition – Steel and Stone!,https://steamstore-a.akamaihd.net/news/externalpost/steam_community_announcements/1843481262696980,"{STEAM_CLAN_IMAGE}/4649813/d66fbf64694823ff8108572f51a5f97fb097c0db.png Welcome to the 241st War Thunder Steam Screenshot Competition! It was great to see the different scenes players captured last week. This time, we’re focusing on the built environments where battles take place. Whether surrounded by buildings, passing beneath a bridge, or moving through a developed area, capture a screenshot where architecture is featured. The three most popular and three selected by us will get 300 GE. See t"
2026-09-28T10:10:06+00:00,236390,1843481262695689,2026-09-11T15:42:48+00:00,Community Announcements,MiG-35: The Last MiG,https://steamstore-a.akamaihd.net/news/externalpost/steam_community_announcements/1843481262695689,"Meet the multi-role MiG-35, which combines the entire combat experience of the legendary MiG design bureau into one formidable aircraft.MiG-35: A Jet Fighter for USSR/Russia at Rank IXAt a glance:High flight performanceUp to 8 Active Radar Homing missilesAdvanced MAWS and LWSModern air-to-surface weapons, including the Kh-38 and Grom-2T-220 targeting podNew Kh-35U anti-ship missiles with GNSSYou can greatly speed up the research of the MiG-35 with this pack: Introducing the MiG-35!Today we’re ta"
2026-09-28T10:10:06+00:00,236390,1843481262695608,2026-09-11T15:12:29+00:00,Community Announcements,Registration Is Now Open for WTCS Challenger League Major III!,https://steamstore-a.akamaihd.net/news/externalpost/steam_community_announcements/1843481262695608,"The road to the WTCS Challenger League title begins now! With Major III on the horizon, teams are getting ready to battle their way through the Open Qualifiers and secure their place among the best. Open Qualifier I kicks off on September 19th, giving competitors their first opportunity to earn one of four spots in the Playoff stage.Tournament Dates After each Open Qualifier, four teams will advance to the Playoff stage. Matches will begin at 14:40 GMT each day. For full details about the compet"
2026-09-28T10:10:06+00:00,236390,1843481262695193,2026-09-11T12:48:37+00:00,Community Announcements,H145M: Angry Dragonfly,https://steamstore-a.akamaihd.net/news/externalpost/steam_community_announcements/1843481262695193,"Germany’s light multirole helicopter, the H145M, is armed with the SPIKE-ER ATGM and the new FZ275 small guided missiles!H145M: A Multi-Role Helicopter for Germany at Rank VIIAt a glance:Lightweight and maneuverableUp to 8 SPIKE-ER anti-tank missilesFZ275 small guided missilesMAWS with LWRLarge number of countermeasuresNo air-to-air missilesIntroducing the H145M!This helicopter is for daring and skilled pilots! Excellent maneuverability and flexible armament options make it ideal for long-range "
2026-09-28T10:10:06+00:00,444090,1790214123216573,2025-02-03T16:44:25+00:00,Community Announcements,Wekono's Wake Hotfix 1,https://steamstore-a.akamaihd.net/news/externalpost/steam_community_announcements/1790214123216573,Event Pass 2024 chest is now available for purchase! Fixed an issue where translations for new content were not available in several languages. Fixed an issue where some font files had corrupted and did not display correct values.
2026-09-28T10:10:06+00:00,444090,1790214123050966,2025-01-29T14:09:09+00:00,Community Announcements,Wekono's Wake Update Notes,https://steamstore-a.akamaihd.net/news/externalpost/steam_community_announcements/1790214123050966,"Greetings Champions, and welcome to Year 8 of Paladins! We wanted to take a moment before we dive into our first update of the year, Wekono's Wake, to talk about where we are and our direction moving forward. Over the course of Year 7, we focused our small team's efforts more and more on improving the systems and features that make Paladins a standout in the genre: an emphasis on customization through Items, Talents and Cards, updating and deepening Champion kits, and bringing together older con"
2026-09-28T10:10:06+00:00,444090,1789039014502633,2025-01-21T16:34:23+00:00,Community Announcements,Wekono's Wake Post-PTS Adjustments,https://steamstore-a.akamaihd.net/news/externalpost/steam_community_announcements/1789039014502633,"Greetings, Champions! First off, we want to thank everyone who played or watched the PTS and gave us feedback on the upcoming Wekono's Wake update. It's been a wild rush to get to the start of Year 8 and hearing everyone's excitement and concerns gave us even more motivation to deliver it all to you all best we can. However, we have a set of adjustments and reversions we'd like to share ahead of the update's release next week, starting with Serpent Beach & Serpent Beach (Classic). Serpent Beach "
2026-09-28T10:10:06+00:00,444090,1789039014373064,2025-01-17T16:58:29+00:00,Community Announcements,Year 8 of Paladins Begins!,https://steamstore-a.akamaihd.net/news/externalpost/steam_community_announcements/1789039014373064,"Greetings Champions, and welcome to Year 8 of Paladins! We wanted to take a moment before we dive into our first update of the year, Wekono's Wake, to talk about where we are and our direction moving forward. Over the course of Year 7, we focused our small team's efforts more and more on improving the systems and features that make Paladins a standout in the genre: an emphasis on customization through Items, Talents and Cards, updating and deepening Champion kits, and bringing together older con"
2026-09-28T10:10:06+00:00,444090,1786573930659402,2024-12-20T15:48:45+00:00,Community Announcements,End of Year Crystal Sale,https://steamstore-a.akamaihd.net/news/externalpost/steam_community_announcements/1786573930659402,"Enjoy up to 20% Crystals for the holidays! This sale is ongoing until January 3rd, 2025."
2026-09-28T10:10:06+00:00,444090,1785774543689987,2024-12-17T15:22:01+00:00,Community Announcements,Ska'drin Celebration Hotfix Notes,https://steamstore-a.akamaihd.net/news/externalpost/steam_community_announcements/1785774543689987,General Fixed an issue where the new Title for Trials of the Realm wasn't visible or available. Fixed an issue where the new Titles from the Flashback Pass weren't equippable. Fixed an issue where the Street Style World Tour Event Pass Buy All wasn't providing all of the levels of the pass. It is now back available for purchase! Champions Fixed an issue where Grover's passive Blossom aura wasn't providing healing on Ferocity or Deep Roots. These Talents are now re-enabled. Fixed an issue where K
2026-09-28T10:10:06+00:00,444090,1785774543494414,2024-12-11T14:48:55+00:00,Community Announcements,Ska'drin Celebration Update Notes,https://steamstore-a.akamaihd.net/news/externalpost/steam_community_announcements/1785774543494414,"General Updates Ska’Drin Celebration Event Pass For our final Event Pass of this year, we've commissioned community artists for our 2D cosmetics as well as created 5 recolors in the Event Pass that bring some Limited Skins forward with new looks! Makilla Makoa (Volcanic) Shaman Grohk (Chieftan) Exhortation Fernando (Ultimatum) Infernal Lord Drogoz (Abyssal Lord) Coastline Cony Rei (Beach Bunny) In addition to these skins, there is another recolor of Volcanic Makoa available for Direct Purchase, "
2026-09-28T10:10:06+00:00,444090,1785321795742854,2024-12-09T19:01:44+00:00,Community Announcements,Developer Insights: Ska'drin Celebration PTS Changes,https://steamstore-a.akamaihd.net/news/externalpost/steam_community_announcements/1785321795742854,"Greetings Champions! Ahead of Wednesday’s release of the Ska’drin Celebration Update, we wanted to sit down and talk about some of the feedback we received during the recent PTS cycle and what we’ve adjusted based on the testing you all took part in! Let’s hop right in: Hoard Cost at Level 3 reduced from 2000 ➡️ 1750 Passive earn amount reduced from 15 ➡️ 10 The ideas we’re exploring with this update to Hoard seemed to be something a majority of PTS players were intrigued by, but the balance sta"
2026-09-28T10:10:06+00:00,444090,1784506358982757,2024-11-27T16:25:20+00:00,Community Announcements,Ska'drin Celebration PTS Notes,https://steamstore-a.akamaihd.net/news/externalpost/steam_community_announcements/1784506358982757,"General Updates Ska’Drin Celebration Event Pass For our final Event Pass of this year, we've commissioned community artists for our 2D cosmetics as well as created 5 recolors in the Event Pass that bring some Limited Skins forward with new looks! Makilla Makoa (Volcanic) Shaman Grohk (Chieftan) Exhortation Fernando (Ultimatum) Infernal Lord Drogoz (Abyssal Lord) Coastline Cony Rei (Beach Bunny) In addition to these skins, there is another recolor of Volcanic Makoa available for Direct Purchase, "
2026-09-28T10:10:06+00:00,444090,1783872411983650,2024-11-21T14:55:10+00:00,Community Announcements,Street Style: World Tour Hotfix Notes,https://steamstore-a.akamaihd.net/news/externalpost/steam_community_announcements/1783872411983650,Balance Vora Cards Unified in Purpose Reduced scaling from 6|6 ➡️ 5|5 What May Come Now has an ICD of 6s Yagorath Ultimate Devour Reduced pull speed from 390 ➡️ 370 Bug Fixes General Fixed an issue where the World Tour Event Pass timer was not properly displaying its end date. Fixed an issue where the Event Pass panel in the store did not have updated art. Fixed an issue where the Leiporian Rhapsody title lacked a space. Fixed an issue where Octavia's card Forward Operating Base was misspelled. 
2026-09-28T10:10:06+00:00,444090,6146943657173866886,2024-10-30T13:02:50+00:00,Community Announcements,Street Style: World Tour Update Notes,https://steamstore-a.akamaihd.net/news/externalpost/steam_community_announcements/6146943657173866886,"OG Street Style & Street Style: World Tour Event Passes For the special occasion of Street Style as a theme returning, we’re excited to offer 2 Event Passes this update! The first is OG Street Style, a remake of the original Street Style Event including all the cosmetics earnable from it back in the day. Ying, Maeve, Skye, and Ash have joined back together for a reunion tour to celebrate their impact on the Realm! The second is Street Style: World Tour, a brand new Event Pass featuring Tyra & Se"
2026-09-28T10:10:06+00:00,444090,6212245217911799607,2024-10-23T20:37:17+00:00,Community Announcements,"Street Style: World Tour PTS Flash Test Changelog | October 23rd, 2024",https://steamstore-a.akamaihd.net/news/externalpost/steam_community_announcements/6212245217911799607,General Reverted changes to Gyro Aim Sensitivity. Fixed an issue where the Street Style: World Tour Event Pass is using the wrong backer. Fixed an issue where Vora & VII's new Talents were not available in instance. Fixed an issue where the Login and Main Lobby menus were swapped. Fixed an issue where Dawnforge's staircases railings had improper collision and were not lit. Balance Azaan Eternal reverted to current Live balance state. Caspian Fixed an issue where Everywhere At Once was not provid
2026-09-28T10:10:06+00:00,444090,6212244583194397872,2024-10-22T15:08:57+00:00,Community Announcements,Developer Insights: PTS Process & Feedback,https://steamstore-a.akamaihd.net/news/externalpost/steam_community_announcements/6212244583194397872,"Greetings Champions! This Developer Insights blog aims to shed light on how our PTS process works, from the version that we use internally to the final version that becomes the Live build and everything in between. In the past, Evil Mojo has discussed PTS and veteran players may know a lot of this info, however, we felt it was time for an updated rundown of how we utilize this for the modern team using Street Style: World Tour as an example. Internal Testing As many players know, we start to wor"
2026-09-28T10:10:06+00:00,444090,6212244583180001315,2024-10-18T16:21:38+00:00,Community Announcements,Street Style: World Tour PTS Notes,https://steamstore-a.akamaihd.net/news/externalpost/steam_community_announcements/6212244583180001315,"OG Street Style & Street Style: World Tour Event Passes For the special occasion of Street Style as a theme returning, we’re excited to offer 2 Event Passes this update! The first is OG Street Style, a remake of the original Street Style Event including all the cosmetics earnable from it back in the day. Ying, Maeve, Skye, and Ash have joined back together for a reunion tour to celebrate their impact on the Realm! The second is Street Style: World Tour, a brand new Event Pass featuring Tyra & Se"
2026-09-28T10:10:06+00:00,444090,6212244583176156108,2024-10-17T15:03:07+00:00,Community Announcements,Developer Insights: Arcade & Gamemode Adjustments,https://steamstore-a.akamaihd.net/news/externalpost/steam_community_announcements/6212244583176156108,"Greetings Champions! In this Developer Insights blog, we're going to be sharing some larger changes coming to various game modes in the Street Style: World Tour update! Oh yeah, if you missed our announcement, Street Style returns with all new skins for Tyra & Seris, adding a few more popular Champions to the Realm's fashion pop group. We also are sharing PTS Notes tomorrow, including a lot of changes to the previously revealed Talents of last Insights blog. All that aside, let's hop into the co"
2026-09-28T10:10:06+00:00,444090,6360862737592527596,2024-10-09T15:45:48+00:00,Community Announcements,Developer Insights: Talent Design & Philosophy,https://steamstore-a.akamaihd.net/news/externalpost/steam_community_announcements/6360862737592527596,"Greetings Champions, and welcome back to another series of Developer Insight blogs! In this series, we’ll explore various aspects of the October Update, including adjustments and additions to features and maps and several sandbox changes. To kick off this update, we wanted to sit down and chat about several of the new Talents coming when we release this patch and share our general philosophy for creating new playstyles in 2024. Without further ado, let’s dive right in! NOTE: All the values shown"
2026-09-28T10:10:06+00:00,444090,6350729003498092377,2024-10-04T14:49:21+00:00,Community Announcements,Weekend LTM: Cards to the Max & 2X Event Pass XP,https://steamstore-a.akamaihd.net/news/externalpost/steam_community_announcements/6350729003498092377,"Street Style Maeve has surprised the Realm with a block party! 😼 Cards to the Max is active as this weekend's LTM, raising the roof on everyone's Card levels. In addition, Event Pass XP is doubled this weekend as the party gets started!"
2026-09-28T10:10:06+00:00,444090,6250522009527903438,2024-09-16T14:23:00+00:00,Community Announcements,"Reality Warp Hotfix | September 16th, 2024",https://steamstore-a.akamaihd.net/news/externalpost/steam_community_announcements/6250522009527903438,"Balance Io Talents Sacrifice When activated, the 50% Health back Io receives is now True Healing. This was something that has felt true for a while due to how the Talent functions, but recent Anti-Heal changes showed that Io can indeed get hit during this transition. We've made this now a proper True Heal so the Talent's text remains accurate. Seris Cards Spirit Leech Increased scaling from 2|2 ➡️ 6|6 We were overly cautious in how the transition in functionality would benefit Seris, leading to "
2026-09-28T10:10:06+00:00,444090,6242640076615498649,2024-09-10T16:47:48+00:00,Community Announcements,"This Week in the Realm | September 10th, 2024",https://steamstore-a.akamaihd.net/news/externalpost/steam_community_announcements/6242640076615498649,"Greetings Champions! It's been a while. Now that Reality Warp is released, let's get a bit back on track! Here's what happening in the Realm this week: Hotfixing Reality Later this week, we plan on releasing a hotfix focused on resolving issues and quick changes to balance from Reality Warp. Major bug fixes include reenabling Dredge for play, Strix's Unauthorized Use having its damage buff and not Revealing, and Moji's Jubilation now functioning as expected. We also have a short list of balance "
2026-09-28T10:10:06+00:00,444090,6242640076590889483,2024-09-03T22:46:41+00:00,Community Announcements,Reality Warp Update Notes,https://steamstore-a.akamaihd.net/news/externalpost/steam_community_announcements/6242640076590889483,"General Updates Special Quests For the duration of 7.5, you can play one match to unlock the Coldsnap Furia skin previously given away during Hi-Rez promotions. Players that already own Furia will instead receive crystals. In addition, playing 10 non-practice games of Siege, Team Deathmatch, or Onslaught will grant players an Anniversary Token to purchase a Limited Skin from the Anniversary Store. New Chest: Voices of the Realm We’ve added 22 announcer packs to this new chest to make it easier t"
2026-09-28T10:10:06+00:00,304930,1844115010502406,2026-09-21T20:03:33+00:00,Community Announcements,3.26.3.12 Patch Notes,https://steamstore-a.akamaihd.net/news/externalpost/steam_community_announcements/1844115010502406,"FixedCheats using fake lobby ID to join other players' groups. (Thanks keviinnn!)As a reminder, please use caution when accepting unexpected server invites or joining servers from people you do not trust. We have recently seen an increase in reports involving malicious Workshop content."
2026-09-28T10:10:06+00:00,304930,1842846814444212,2026-09-03T17:47:32+00:00,Community Announcements,3.26.3.11 Patch Notes,https://steamstore-a.akamaihd.net/news/externalpost/steam_community_announcements/1842846814444212,"This security patch addresses a reported exploit. We have banned a Workshop file containing the exploit which had 1 active subscriber. We are not aware of any confirmed cases of players being affected by this file. (Thanks Jackzebra!) As a reminder, please use caution when accepting unexpected server invites or joining servers from people you do not trust. We have recently seen an increase in reports involving malicious Workshop content."
2026-09-28T10:10:06+00:00,304930,1842212951304404,2026-08-28T21:37:19+00:00,Community Announcements,3.26.3.9 Patch Notes,https://steamstore-a.akamaihd.net/news/externalpost/steam_community_announcements/1842212951304404,"This security patch addresses a reported exploit that could affect players with the Steam Overlay disabled. As far as we're aware, the exploit has not been used in the wild. We apologize for any inconvenience caused by the timing of the update releasing shortly before the weekend. (Thanks Jackzebra!)Edit for v3.26.3.10: shortly afterward, we have released an additional patch to fix another reported potential exploit path. (Thanks euromillions!)"
2026-09-28T10:10:06+00:00,304930,1840310314347429,2026-08-08T13:00:00+00:00,PC Gamer,Blocky zombie survival sim Unturned releases its source code so players can build a 'lasting legacy' for the game 'regardless of the changes we make',https://steamstore-a.akamaihd.net/news/externalpost/PC Gamer/1840310314347429,"Smartly Dressed Games, developer of the wildly popular free-to-play zombie survival sim Unturned, has released the game's source code for non-commercial use... <a href=""https://www.pcgamer.com/games/survival-crafting/blocky-zombie-survival-sim-unturned-releases-its-source-code-so-players-can-build-a-lasting-legacy-for-the-game-regardless-of-the-changes-we-make/?utm_source=steam&utm_medium=referral"" target=""_blank"">Read more.</a>"
2026-09-28T10:10:06+00:00,304930,1839676055895261,2026-08-03T16:34:50+00:00,Community Announcements,3.26.3.7 Patch Notes,https://steamstore-a.akamaihd.net/news/externalpost/steam_community_announcements/1839676055895261,"FixedTook a less extreme approach to blocking the exploit fixed in 3.26.3.5, restoring most content. (Thanks Jdance!)Boombox links opening original URL, not parsed URL. (Thanks PomPomSaturin!)Async-loaded lightning and custom weather prefabs not running static unity event check. (Thanks SomeAussieGamer!)Inconsistent ordering exception if server prefab had multiple components of certain types. (Thanks Daniel Willett!)Classic Canned Beans skin incompatible with Wild Harvest eating animations. (Tha"
2026-09-28T10:10:06+00:00,304930,1839676055885737,2026-07-30T16:07:10+00:00,Community Announcements,3.26.3.5 Patch Notes,https://steamstore-a.akamaihd.net/news/externalpost/steam_community_announcements/1839676055885737,"Yesterday evening we received report of a remote code execution (RCE) exploit in a malicious server's workshop mod. As a precaution, we temporarily disabled all Internet server listings while we prepared and released this patch. At this time, we believe the impact was limited to a single small server.Our sincere thanks to celeb for reporting the exploit, to Jdance for creating a proof-of-concept test case (initially reported through the community Discord), and to Daniel Willett for running a sca"
2026-09-28T10:10:06+00:00,304930,1836506165578370,2026-07-07T15:41:37+00:00,GamingOnLinux,Open-world zombie survival sandbox Unturned source code released,https://steamstore-a.akamaihd.net/news/externalpost/GamingOnLinux/1836506165578370,The popular open world zombie sandbox survival game Unturned just had the source code officially released. Read the full article here: https://www.gamingonlinux.com/2026/07/open-world-zombie-survival-sandbox-unturned-source-code-released/
2026-09-28T10:10:06+00:00,304930,1836506165578331,2026-07-07T15:19:07+00:00,Community Announcements,Unturned's Source Code Released,https://steamstore-a.akamaihd.net/news/externalpost/steam_community_announcements/1836506165578331,"Unturned's source code and project files are now freely available! Whether you have a new feature or total conversion in mind, the sky's the limit:Browse the repository on GitHubShown above: Playing Unturned's Russia map from within the Unity scene editor.Unturned's greatest strength has always been its community. We're deeply grateful for the passion, creativity, and support you've shown over the years. We're proud to place the future of the game in your hands, and excited to see what you'll bu"
2026-09-28T10:10:06+00:00,304930,1836506165578205,2026-07-07T14:39:18+00:00,Community Announcements,3.26.3.4 Patch Notes,https://steamstore-a.akamaihd.net/news/externalpost/steam_community_announcements/1836506165578205,FixedFalling icicles mythical interfering with physics. (Thanks Zombs-R-Cute and AustrailianBushman!)Plugin GUIs with canvas scalers not updating until the next frame. (Thanks DanielWillett!)Replicate server config ahead of spawning player in multiplayer.
2026-09-28T10:10:06+00:00,304930,1835236783561396,2026-06-11T17:53:05+00:00,Community Announcements,3.26.3.3 Patch Notes,https://steamstore-a.akamaihd.net/news/externalpost/steam_community_announcements/1835236783561396,"FixedUpdated sea level check to use static volumes optimization.Revised a blood, radioactive blood, and paintball splatters decal variant to avoid an unfortunate potential lineup. (Thanks Frosty_Gas_9486 and Jdance!)Unable to set per-item-type workshop tag with submission menu localization installed. (Thanks hyj!)Unable to respawn at bed inside no-build zone with Bypass_No_Building_Zones enabled. (Thanks FF!)Enable skin material override for Alien Antennas. (Thanks Cali 2 team!)Trains not destro"
2026-09-28T10:10:06+00:00,304930,1832065502813383,2026-05-07T21:00:56+00:00,Community Announcements,3.26.3.2 Patch Notes,https://steamstore-a.akamaihd.net/news/externalpost/steam_community_announcements/1832065502813383,FixedBypass_No_Building_Zones ignored by several redundant barricade-related checks.
2026-09-28T10:10:06+00:00,304930,1831432155580562,2026-05-05T16:01:29+00:00,Community Announcements,3.26.3.1 Patch Notes,https://steamstore-a.akamaihd.net/news/externalpost/steam_community_announcements/1831432155580562,"ChangelogAdded""Prevent Level Skill Overrides"" option for enabling leveling/skills on maps that disable it.ChangedLevels with high numbers of volumes can opt-in to ""Enable_Static_Volumes"" which improves performance of volume overlap checks. (Thanks RBMKBlaze, Ghosticollis, and MCrow!)Separated ""No Incoming Damage"" safezone option from ""No Weapons"" to allow attacking safezone campers.Fixed2D Scopes with Dual Rendering Off not working with California 2 custom scope shaders. (Thanks AngelAbov3!)Peac"
2026-09-28T10:10:06+00:00,304930,1831432155568758,2026-04-30T16:00:39+00:00,Community Announcements,California 2,https://steamstore-a.akamaihd.net/news/externalpost/steam_community_announcements/1831432155568758,"We're proud to unveil 6+ years of work and collaboration on Unturned's biggest and most content-packed map of all time: welcome to the Golden State of California!DEEP ENDGAME: The extensive progression doesn't end at the first or even second tier of Deadzone, but goes further, offering bigger and better rewards for those willing to take risks.PVE FRIENDLY: With several NPC safezones offering 100+ quests and countless activities, easter eggs, secrets, storylines, and hidden locations to discover "
2026-09-28T10:10:06+00:00,304930,1830797770233514,2026-04-23T15:37:43+00:00,Community Announcements,3.26.2.3 Patch Notes,https://steamstore-a.akamaihd.net/news/externalpost/steam_community_announcements/1830797770233514,"ChangelogAddedQuadruple-stacked Experienced beret.Dialogue command for testing specific dialogue assets. (/dialogue guid)ChangedSentries ignore vehicles if any passenger is their owner, not just the driver. (Or if locked by sentry's owner/group, as before.)Levels can prevent selection if dependent workshop files are missing.Particle systems are auto-removed from server prefabs. (Previously limited to particle system renderers.)FixedTwo race conditions when loading assets. (Thanks DiFFoZ!)Hanuber"
2026-09-28T10:10:06+00:00,304930,1828894815557904,2026-04-02T16:01:28+00:00,Community Announcements,3.26.2.0: Wild Harvest,https://steamstore-a.akamaihd.net/news/externalpost/steam_community_announcements/1828894815557904,"Fishing is more challenging, but also more rewarding!Mine clay and smelt it into bricks!Forage wild mushrooms, an alternative food source!SummaryWhen a fish takes the bait you must reel it in before it's caught. Many new fish (and other items) can be found while fishing!Craft a Pottery Kiln to smelt the new Clay resources into Bricks. You can now build any structure from Bricks, including (finally!) triangular trapdoor holes.Berries have been rebalanced around individual stats, and complimented "
2026-09-28T10:10:06+00:00,304930,1822556746159815,2026-01-22T18:01:25+00:00,Community Announcements,3.26.1.0 Update Notes,https://steamstore-a.akamaihd.net/news/externalpost/steam_community_announcements/1822556746159815,"ChangelogStorage Modding AdditionsCan_Players_Open storage option to prevent interacting.Delete_Contained_Items_On_Destroy storage option to despawn contained items when broken.Variants of SalvageItem placeable properties for pickup at full health.ChangedEngine_Force_Multiplier applies to boats and carboats, doubled APC boat force in water.FixedSentry reactions to vehicle turret damage and vehicle armor. (Thanks Neonik!)Objects with Editor-specific prefab not scalable. (Thanks August!)Constellat"
2026-09-28T10:10:06+00:00,304930,1818752592124725,2025-12-11T18:35:31+00:00,Community Announcements,Next Curated Map Teaser,https://steamstore-a.akamaihd.net/news/externalpost/steam_community_announcements/1818752592124725,"From sprawling marshlands to forests covered in constant ashfall, the coast stretches on – quiet, familiar, and changed. Despite the zombie apocalypse, the world feels more alive than ever in Unturned's next curated map. Not just on the surface, but in the many caves hidden beneath it.Get ready to explore a new curated, community-made map by August, Clue, Nolam, Spebby, Sultan, and Tiway in early 2026! A beautifully detailed map, and the biggest curated map added to the game.Brimming with secret"
2026-09-28T10:10:06+00:00,304930,1818118366173474,2025-12-04T16:50:01+00:00,Community Announcements,3.25.10.0 Update Notes,https://steamstore-a.akamaihd.net/news/externalpost/steam_community_announcements/1818118366173474,"Engine UpdateWe've upgraded to Unity 2022 LTS, primarily for improved stability. Related updates include:New SMAA anti-aliasing option as an alternative to TAA or FXAA.Major upgrade to the pathfinding library used by zombies (A* Pathfinding Project). This fixes a variety of server-side pathfinding bugs and may improve performance.Taking advantage of some new performance optimizations.We'll be keeping a close eye on bug reports, as this kind of update has many side-effects.Full ChangelogQuality o"
2026-09-28T10:10:06+00:00,304930,1815034433011671,2025-11-03T20:30:59+00:00,Community Announcements,Community Blog #042,https://steamstore-a.akamaihd.net/news/externalpost/steam_community_announcements/1815034433011671,"Let’s talk about the next couple game updates! (Also: featuring some community creations.)When’s the next game update?We’re working on a few upcoming game updates, along with helping with the next curated map’s release. These aren’t ready to ship just yet. We’ve shared some details as to why below.Our next game update is focused on (1) an engine upgrade, and (2) introducing new features intended for an upcoming curated map and Limestone, though we think all modders will really enjoy the new opti"
2026-09-28T10:10:06+00:00,304930,1811772772520570,2025-10-03T20:50:40+00:00,Community Announcements,3.25.9.2 Patch Notes,https://steamstore-a.akamaihd.net/news/externalpost/steam_community_announcements/1811772772520570,"Earlier today, Unity (the game engine Unturned runs on) issued a high-severity security advisory, requesting developers to apply a new security patch. This update applies that patch.For more information, please refer to Unity's announcement:https://unity.com/security/sept-2025-01"
2026-09-28T10:10:06+00:00,1599340,1843481262705049,2026-09-15T16:14:21+00:00,Community Announcements,Dimensions Unbound — September Update,https://steamstore-a.akamaihd.net/news/externalpost/steam_community_announcements/1843481262705049,"Heroes Of Arkesia,The Dimensionalist has arrived, wielding the power of dimensions to reshape the battlefield. This update also brings a major overhaul to gear progression that streamlines the path from Tier 3 into Tier 4, making it faster for new and returning adventurers to reach endgame.Alongside the new class, you will find Advanced Honing easing, new Growth Boost Shop items, additional Guardians in Guardian's Shade, balance changes across every class, four events including Jump-Up Boost and"
2026-09-28T10:10:06+00:00,1599340,1840944183773300,2026-08-12T08:10:23+00:00,Community Announcements,An Update on Lost Ark in the West,https://steamstore-a.akamaihd.net/news/externalpost/steam_community_announcements/1840944183773300,"Heroes of Arkesia,After nearly five years of shared adventures in Arkesia, we’re writing today with an update on the future of Lost Ark in the West. Starting in early 2027 Amazon Game Studios will end its live service operations of Lost Ark, with Smilegate taking over going forward. We are excited about the future of Lost Ark and feel this is a positive outcome for the game's players, as we are handing the game back to the developers. This way, their passion for Lost Ark will live on and players"
2026-09-28T10:10:06+00:00,1599340,1840310314354539,2026-08-11T16:11:05+00:00,Community Announcements,The Bitter Cold — August Update,https://steamstore-a.akamaihd.net/news/externalpost/steam_community_announcements/1840310314354539,"Heroes of Arkesia,The August update brings the Kazeros Raid: Act 2 Extreme, a limited-time Extreme difficulty version of the Phantom Manifester Brelshaza encounter with Normal, Hard, and Nightmare tiers. Challenge the raid with your party, earn Coins of Fire and Ice, and claim the Legendary Title ""Lord of the Bitter Cold"" for clearing Nightmare difficulty.The Panda World Avatar collection also arrives in the store alongside a new mount and pet. Downtime will begin on August 12 at 12 AM PT (7 AM "
2026-09-28T10:10:06+00:00,1599340,1837955055366639,2026-07-14T16:33:46+00:00,Community Announcements,The Summer Extremes Release Notes,https://steamstore-a.akamaihd.net/news/externalpost/steam_community_announcements/1837955055366639,"HEROES OF ARKESIA,The summer heat brings new challenges. The Kazeros Raid Act 1 Extreme will push your raid party to the limit across three escalating difficulty tiers. Solo Mode expands to Kazeros Raid Act 4 and the Denouement, and a new Matchmaking Mode lets you tackle Serca at a reduced difficulty with dynamic party scaling. Paradise Season 4 begins, the Summer Night Festival kicks off on Arkesia's shores, and a collection of summer cosmetics arrives in the store.Downtime will begin on July 1"
2026-09-28T10:10:06+00:00,1599340,1836506165554712,2026-06-26T17:13:00+00:00,Community Announcements,June Team Update,https://steamstore-a.akamaihd.net/news/externalpost/steam_community_announcements/1836506165554712,"Heroes of Arkesia,We have a few things to share as we head into the July update.EVENT SCHEDULE CHANGESThe Kazeros Challenge Express, Twilight Road, Twilight Exchange Shop, and Mokoko Bootcamp will be ending on August 19, earlier than the original September 16 end date. This adjustment is being made to accommodate the server merge planned for August. If you're still working through any of these events, make sure to wrap up before maintenance on 8/19.Support events won't be gone for long as Septem"
2026-09-28T10:10:06+00:00,1599340,1835236783572205,2026-06-15T20:43:14+00:00,Community Announcements,Community Emote Design Competition 2026,https://steamstore-a.akamaihd.net/news/externalpost/steam_community_announcements/1835236783572205,"Heroes of Arkesia,Craft an original emote for the chance to get your creation into Lost Ark. You can focus on your favorite character, create the perfect reaction for a preferred activity, or anything else — as long it is Lost Ark themed! Here's everything you need to know to join the community emote design competition.COMPETITION DETAILSYou can enter your submissions to the emote contest through the official Lost Ark Discord by creating a post in the 2026 Emote Contest section of Discord (#2026"
2026-09-28T10:10:06+00:00,1599340,1835236783561687,2026-06-11T20:43:16+00:00,Community Announcements,"Ratlympics 4: Corvus Tul Rat, Gate 2 Nightmare",https://steamstore-a.akamaihd.net/news/externalpost/steam_community_announcements/1835236783561687,"Watch some of your favorite Creators race through Corvus Tul Rat, Gate 2 Nightmare, spanning two days. Event starts June 12, 12 p.m. PT and day one will be hosted by Stoopzz. Day two on June 13, 12 p.m. PT will be hosted by Johnpal.Whether you tune in for the triumphs or failures, you'll receive Twitch Drop rewards for watching the event. Who will you be cheering for?CREATORSEUSnwyNWrxzor_rlivkhalidsenjouusephisoldierr0ckyshieldellunyaxmusiiiqsnoopyisda92jayjayzzzzzztelleri5toyafkNAbabymochiiiaz"
2026-09-28T10:10:06+00:00,1599340,1834602721202358,2026-06-09T16:24:48+00:00,Community Announcements,The Twilight Isle Release Notes,https://steamstore-a.akamaihd.net/news/externalpost/steam_community_announcements/1834602721202358,"Heroes of Arkesia,A new chapter begins. Uncharted islands have emerged from the mists, a forgotten cathedral holds new challenges, and a massive wave of progression events is here to help you and your friends gear up for what comes next.This update introduces the Cadarum Isles, the Horizon Cathedral Abyssal Dungeon, the 2026 Global Exclusive cosmetics collection, a new Ark Pass, progression events, class balance adjustments, raid gold changes, and more. Downtime will begin on June 10 at 12am PT "
2026-09-28T10:10:06+00:00,1599340,1832700592787190,2026-05-13T18:12:30+00:00,Community Announcements,Return Of Argos Release Notes,https://steamstore-a.akamaihd.net/news/externalpost/steam_community_announcements/1832700592787190,"Heroes of Arkesia,Argos is back. The Holy Beast has been reimagined as a standalone frost-themed event encounter, and whether you cleared the original on day one or never got the chance, Snowflake Argos has something for you.This update introduces the Snowflake Argos event alongside new Wandering Merchant cards to help prepare for the upcoming Horizon Cathedral Abyssal Raid, the return of the Golden Frog Event Shop, and more. Downtime will begin on May 13 at 12 AM (7AM UTC) and is expected to la"
2026-09-28T10:10:06+00:00,1599340,1830163047255712,2026-04-15T18:05:16+00:00,Community Announcements,Behind the Scenes: Shadow Raids,https://steamstore-a.akamaihd.net/news/externalpost/steam_community_announcements/1830163047255712,"Heroes of Arkesia,We caught up with Smilegate to learn what went into creating the new Shadow Raid experience.After the fall of Kazeros, the Primordial Beings have begun to stir. Serca, the Witch of Pain, makes her debut in Arkesia. Shadow Raids introduce three new mechanics that will change how players interact with raid combat: the brawl system, shadow skills and a shared resurrection pool.Q: Serca's transformation into Corvus Tul Rak is visually striking. What inspired this dramatic shift fro"
2026-09-28T10:10:06+00:00,1599340,1829528821318276,2026-04-14T16:11:49+00:00,Community Announcements,The Shadows Rise Release Notes,https://steamstore-a.akamaihd.net/news/externalpost/steam_community_announcements/1829528821318276,"Heroes of Arkesia,The Shadows Rise and await your arrival.This update features loads of new content, including the very first Shadow Raid - Serca, Witch Of Pain, new Tier 4 progression with Destined Tremor Gear, challenging solo content including Chaos Rift and Haal's Hourglass, Inanna's Blessing, and more. Downtime will begin on April 15 at 12 a.m. PT (7AM UTC) and is expected to last 5 hours. Read on for the full list of new content, events, store offerings, and other changes here."
2026-09-28T10:10:06+00:00,1599340,1829528821311095,2026-04-10T18:32:53+00:00,PCGamesN,"Lost Ark's Matt Huston delivers a lonely final video roadmap, and it's breaking my heart",https://steamstore-a.akamaihd.net/news/externalpost/PCGamesN/1829528821311095,"Seeing developers leave a job they love always hurts, and yet I didn't expect the latest <strong>Lost Ark</strong> roadmap video to hit me quite this hard. Recent restructuring at Amazon Games saw two of the faces of the <a href=""https://www.pcgamesn.com/10-best-pc-mmos"">MMORPG</a>, community manager Roxanne Sabo and producer Henry Stelter, both depart the company. That left just one member of its regular front-of-camera crew behind, franchise lead Matt Huston, to deliver what he says will be th"
2026-09-28T10:10:06+00:00,1599340,1828894815555555,2026-04-01T17:48:17+00:00,Community Announcements,Lost Ark 2026 - April's New Perspective,https://steamstore-a.akamaihd.net/news/externalpost/steam_community_announcements/1828894815555555,"Embark on an epic adventure across the continent of Arkesia with every step you take. Face overwhelming battles against the Abyss Lord, Kazeros, in intense combat that unfolds before your eyes. Experience Lost Ark in a stunning new dimension, fully realized in 3D. Version 4.1 coming soon."
2026-09-28T10:10:06+00:00,1599340,1827626365751405,2026-03-18T20:53:40+00:00,PC Gamer,Lost Ark fans fear the worst as Amazon lays off more employees 'as part of broader organizational decisions',https://steamstore-a.akamaihd.net/news/externalpost/PC Gamer/1827626365751405,"Some high-profile layoffs at Amazon Game Studios has Lost Ark fans worried that the game is approaching its end of days, despite still putting up decent player numbers on Steam. In a message posted on its website, the Lost Ark dev team acknowledged that cuts have happened, but said it will ""keep working to improve the game and move Lost Ark forward with every update."".. <a href=""https://www.pcgamer.com/gaming-industry/lost-ark-fans-fear-the-worst-as-amazon-lays-off-more-employees-as-part-of-broa"
2026-09-28T10:10:06+00:00,1599340,1827626365750018,2026-03-18T11:24:17+00:00,PCGamesN,"As key Lost Ark devs leave, Amazon Games says ""trust is earned through actions, not words""",https://steamstore-a.akamaihd.net/news/externalpost/PCGamesN/1827626365750018,"The future of <strong>Lost Ark</strong> seemingly hangs in the balance, as key members of the Amazon Games team announce their departure from the studio that brought Smilegate's Korean-first <a href=""https://www.pcgamesn.com/10-best-pc-mmos"">MMO</a> to a global audience. In response, the team has shared a message promising to ""keep working to improve the game and move Lost Ark forward with every update,"" although its choice of words will, by its own admission, do little to calm the immediate fea"
2026-09-28T10:10:06+00:00,1599340,1826992588594033,2026-03-12T22:16:34+00:00,Community Announcements,March Team Update - Part 2,https://steamstore-a.akamaihd.net/news/externalpost/steam_community_announcements/1826992588594033,"Heroes of Arkesia,The March Ends of the Abyss update arrived yesterday, bringing a host of quality of life and balance updates, a major story chapter, new progression events, and much more. While the maintenance took longer than expected (don’t fear, a compensation will be sent to all players in the near future), our team has had a blast watching players experience the new story, try out new character builds, and use the progression event to get characters ready to face Kazeros— and the next thr"
2026-09-28T10:10:06+00:00,1599340,1826362059933357,2026-03-10T16:21:51+00:00,Community Announcements,Ends of the Abyss Release Notes,https://steamstore-a.akamaihd.net/news/externalpost/steam_community_announcements/1826362059933357,"Heroes of Arkesia,Welcome to the Ends of the Abyss.This update features the epic conclusion to the Kazeros storyline, balance changes, Guardian Raid improvements, Paradise Season 3, and more. Downtime will begin on March 11 at 12 a.m. PT (7AM UTC) and is expected to last 7 hours. Read on for the full list of new content, events, store offerings, and other changes here."
2026-09-28T10:10:06+00:00,1599340,1826362059918977,2026-03-04T17:25:51+00:00,Community Announcements,Eye on Arkesia: March 2026,https://steamstore-a.akamaihd.net/news/externalpost/steam_community_announcements/1826362059918977,"The March update, the Ends of the Abyss arrives on March 11 alongside Paradise Season 3, balance changes, quality of life changes, and more. Welcome to Eye on Arkesia, where Roxx delivers the latest news on all things Lost Ark.This release marks the epic conclusion to the Kazeros storyline. Look forward to numerous cinematic sequences and major narrative developments. Another chunk of the update includes the recent Korean balance patch. Even more balanced combat experiences for your favorite cla"
2026-09-28T10:10:06+00:00,1599340,1825727806718834,2026-03-02T23:13:20+00:00,Community Announcements,March Team Update,https://steamstore-a.akamaihd.net/news/externalpost/steam_community_announcements/1825727806718834,"Heroes of Arkesia,We have a few topics we wanted to share updates on, so this team update will focus on weaving together items and thoughts for the next few months. Roxx will join you for Eye on Arkesia later this week to cover most of the major details for the March Update, but we will start off by discussing one additional update for March.There will be a few changes coming for Paradise Season 3, which will be fully shared in the upcoming release notes. There is one update we wanted to provide"
2026-09-28T10:10:06+00:00,1599340,1824644522840650,2026-02-13T22:55:16+00:00,Community Announcements,Team Update - Heading Toward March,https://steamstore-a.akamaihd.net/news/externalpost/steam_community_announcements/1824644522840650,"Heroes of Arkesia,With a variety of new and returning players fresh in their journeys along with veterans beginning new journeys on Guardianknight or other classes, the beginning of February has been an exciting time in Arkesia. We’re working to keep up the momentum by ensuring March is an impactful update, so we wanted to share some updated information about what to expect next month based on player questions we’ve seen in the community. You’ll find some highlights we’ve seen player interest in"
2026-09-28T10:10:06+00:00,2073850,1844751498220913,2026-09-24T09:59:49+00:00,Community Announcements,Store Update 11.11.0,https://steamstore-a.akamaihd.net/news/externalpost/steam_community_announcements/1844751498220913,"In this week’s Store Update, VAIIYA is dropping new tools for you. This is also the last week to grab the IVADA’s Right to Strike Event Pass and play Respec Order 3.0! STORE | FIELD CONTROL SETCheck, one-two, one-two.. Are you receiving? VAIIYA equipped you with all the communication equipment you need to get into the virtual field and report back as much intel as possible, thanks to the Field Control Set. And if you’re feeling fancy while taking notes, grab the Retro A.C.E. Set for your Multi-D"
2026-09-28T10:10:06+00:00,2073850,1844115010499328,2026-09-19T09:45:58+00:00,PlayGround.ru - официальная группа,Embark Studios анонсировала крупное обновление THE FINALS - новая глава начнётся 20 октября,https://steamstore-a.akamaihd.net/news/externalpost/PlayGround.ru - официальная группа/1844115010499328,"Обычно THE FINALS получает сезонные обновления раз в три месяца, но в этот раз Embark Studios поставила перед собой одну большую цель на год. По словам Кристиана Аарсруда, более длительный период разработки позволил заняться задачами, которые не укладываются в стандартный трёхмесячный цикл. «Благодаря этому мы смогли глубже погрузиться в существующие части игры, а также инвестировать в более крупные и сложные системы, требующие больше времени для доработки. И хотя каждый сезон приносит новый кон"
2026-09-28T10:10:06+00:00,2073850,1844115010495295,2026-09-18T16:00:27+00:00,Community Announcements,A New Chapter,https://steamstore-a.akamaihd.net/news/externalpost/steam_community_announcements/1844115010495295,"Hi everyone, This December, THE FINALS turns three. That's three years of cashouts, best-in-class destruction and unscripted moments that no one saw coming. The game has changed a lot in that time, and plenty of what's in it today started as feedback you provided, or something we noticed from watching how you actually play.The next season arrives on October 20, and before we reveal everything that's in it, I want to talk about what this season means for the game and why we've approached it diffe"
2026-09-28T10:10:06+00:00,2073850,1844115010491518,2026-09-17T09:59:53+00:00,Community Announcements,Update 11.10.0,https://steamstore-a.akamaihd.net/news/externalpost/steam_community_announcements/1844115010491518,"This week, Respec Order is making its way back into the Arena in version 3.0 alongside a new Store! WORLD TOUR | RESPEC ORDER 3.0Respec Order is back for a third round with new balance updates!For the next two weeks, play Respec Order 3.0 featuring modified speed and health pools for the Heavy and the Light, alongside specific weapon balance changes. Need more details? We also published a new blogpost detailing all the info you need about your feedback and statistics from Respec Order 2.0 alongs"
2026-09-28T10:10:06+00:00,2073850,1843481262691696,2026-09-10T09:59:53+00:00,Community Announcements,Update 11.9.0,https://steamstore-a.akamaihd.net/news/externalpost/steam_community_announcements/1843481262691696,"WYVERN AHEADThe dragon has returned to the Arena to turn up the heat while IVADA is bringing you a brand-new arsenal to give you the edge you need! Alongside a new DLC, free Twitch Drops and some bug fixes and balance changes, we’re ready to dive into this week’s Update!WORLD TOUR | SCORCH PROTOCOLThe Dragon escaped confinement and is back to bring a rampage in the Arena! Look out and look up for this special Game Show Event currently in World Tour on Galaxy Estates, Kyoto, Las Vegas, Bernal and"
2026-09-28T10:10:06+00:00,2073850,1842846814442821,2026-09-03T10:01:20+00:00,Community Announcements,Store Update 11.8.0,https://steamstore-a.akamaihd.net/news/externalpost/steam_community_announcements/1842846814442821,"COMETA is bringing more gear for all Contestants in this week’s Store update. The forecast is also predicting warmer temperatures in the Arena starting next week!STORE | TRANSIT GRADE Get yourself the latest COMETA arsenal engineered to withstand the worst and the best outerspace has to offer. But if you’d rather take a more improvised route, foil should do the trick against solar radiation.. Right? We’re also running another sale on some featured bundles such as the City Lancer Set and more! Be"
2026-09-28T10:10:06+00:00,2073850,1842212951299517,2026-08-27T10:00:25+00:00,Community Announcements,Update 11.7.0,https://steamstore-a.akamaihd.net/news/externalpost/steam_community_announcements/1842212951299517,"GUITAR PICK INCLUDEDThe show is on in the Arena and the fight still going up in space in this week’s Update! Check it out below.STORE | FEEDBACK LOOPER SETTonight in the Arena, the spotlights are turned towards you! Shred on your guitar and through the competition with the Feedback Looper Set. Leather fit on point, shades on, it’s time to step on the scene and make some noise through the Arena!EVENT | DEEP SIGNALOrbital Hitters is still going strong, and we’ve seen plenty of Contestants take the"
2026-09-28T10:10:06+00:00,2073850,1841579228665017,2026-08-20T10:02:05+00:00,Community Announcements,Update 11.6.0,https://steamstore-a.akamaihd.net/news/externalpost/steam_community_announcements/1841579228665017,"SPACE MAYHEMENGIMO is proud to present this week’s Update! With the return of a beloved LTM, a new wheel packed with rewards, fresh new Twitch drops, and a long list of balance and bug fixes, there’s plenty to see and do in space. Let’s dig into the details.LTM | ORBITAL HITTERSTake the brawl to outer space with Orbital Hitters! Based on the classic Heavy Hitters formula, re-engineered with the help of ENGIMO, Orbital Hitters brings Sledgehammers back into the Arena! Use all the tools available "
2026-09-28T10:10:06+00:00,2073850,1840944183776297,2026-08-13T10:00:29+00:00,Community Announcements,Store Update 11.5.0,https://steamstore-a.akamaihd.net/news/externalpost/steam_community_announcements/1840944183776297,"CHROMED UPWe’ve got a shiny new Store Update and a sale dropping in the Arena alongside some exciting TGM updates with our first team officially advancing to Stockholm!STORE | ATOMIC LIFESTYLE SET Crank that analog dial to the max and let the musical waves flow through the Arena while keeping yourself safe from changes in atmospheric pressure with the Atomic Lifestyle Set. Mono never sounded this good.We are also running a sale! For a limited time, a selection of really cool bundles have an extr"
2026-09-28T10:10:06+00:00,2073850,1840310314345323,2026-08-07T15:16:58+00:00,Community Announcements,Hotfix 11.4.1,https://steamstore-a.akamaihd.net/news/externalpost/steam_community_announcements/1840310314345323,"Hello Contestants,We’ve pushed a client hotfix to address some of the issues when starting the game. Please note this update only affects players on Steam.Fixed a common hang/crash when starting the game from SteamAs always, we thank you for reporting those issues to us, and we’ll see you in the Arena!"
2026-09-28T10:10:06+00:00,2073850,1840310314341384,2026-08-06T09:59:50+00:00,Community Announcements,Store Update 11.4.0,https://steamstore-a.akamaihd.net/news/externalpost/steam_community_announcements/1840310314341384,"Get into the groove of this week’s Store Update and read on the latest TGM intel as the Online Series continues!STORE | FLOWER POWERPLANTIt’s all love in the Arena Free the spirits within you, spread positivity, and let Mother Nature take you for a ride. In this groovy update to the store, you can be a star child that gently shakes the Arena! Eliminate the competition in the name of peace, love, and happiness!ESPORTS | A PHOTO FINISHCycle 3 is nearly done, and the Americas just turned its title "
2026-09-28T10:10:06+00:00,2073850,1839676055894158,2026-08-03T08:34:05+00:00,GamingOnLinux,"THE FINALS will be adding a new ""Elytra"" anti-cheat",https://steamstore-a.akamaihd.net/news/externalpost/GamingOnLinux/1839676055894158,"Embark have given an update in the ongoing fight against cheaters, with a new anti-cheat named Elytra to begin rolling out that's home-grown. Read the full article here: https://www.gamingonlinux.com/2026/08/the-finals-will-be-adding-a-new-elytra-anti-cheat/"
2026-09-28T10:10:06+00:00,2073850,1839676055884764,2026-07-30T10:00:35+00:00,Community Announcements,Update 11.3.0,https://steamstore-a.akamaihd.net/news/externalpost/steam_community_announcements/1839676055884764,"DANCE OFFGet your dancing shoes on! This week, we’re bringing Strike a Pose back, a fresh new Store Update, alongside new Twitch drops, balance changes, and a bunch of bug fixes. See you in the Arena! STORE | MARSHAL METEORIt’s time to pick up your shift and patrol the streets of GALAXY ESTATES with the Marshal Meteor Set. No matter how far, no matter which system you aim for, justice will find its way. Safety beyond the stars. EVENT | STRIKE A POSEThere’s never been a better moment than now to "
2026-09-28T10:10:06+00:00,2073850,1839041357026238,2026-07-23T10:00:22+00:00,Community Announcements,Store Update 11.2.0,https://steamstore-a.akamaihd.net/news/externalpost/steam_community_announcements/1839041357026238,"We’ve brought some shiny cosmetics your way in this week’s Store Update. Next week, get ready to dust off your favorite pair of dancing shoes, they’ll come in handy.STORE | VACUUM CHICNo need for flashbangs, just step into the Arena and let your drip do the talking with the Vacuum Chic Top. COMETA is also bringing the brand-new Countdown Companion Watch, so you never miss a beat while stealing that last Cashout.ESPORTS | THREE SHOWS, ONE SATURDAYClear the schedule, because on Saturday 25th July,"
2026-09-28T10:10:06+00:00,2073850,1838407329256197,2026-07-16T10:00:48+00:00,Community Announcements,Store Update 11.1.0,https://steamstore-a.akamaihd.net/news/externalpost/steam_community_announcements/1838407329256197,"We have a Store Update and a few crash fixes in today’s update. Also, please be aware that the first boot after this update could take longer due to an increased startup time due to an anti-cheat software update to reduce boot errors.STORE | FUTURE FAMOUSThe future is here. You’re in it, you’ve molded it yourself. Inspire the Arena to transcend gravity, reach the stars, and perhaps become as bright as you are.ESPORTS | THE HALFWAY REPORTAll three regions have now crowned their Cycle 2 champions,"
2026-09-28T10:10:06+00:00,2073850,1836506165583340,2026-07-09T13:05:07+00:00,Community Announcements,Update 11.0.0,https://steamstore-a.akamaihd.net/news/externalpost/steam_community_announcements/1836506165583340,"Welcome to Season 11 of THE FINALS. This time, the gameshow is going interplanetary! Our generous sponsor, COMETA, is bringing you a new Arena out of this world, the reworked melee combat system, bot matches, and so much more! Let’s take one small step for Contestants and one giant stop for the Arena, and blast our way into a whole new Season! Stay tuned for more things to come as Season 11 unfolds! There's a lot new to the game at launch but there’s more to unlock as we progress through GALAXY "
2026-09-28T10:10:06+00:00,2073850,1836506165583333,2026-07-09T13:01:22+00:00,Community Announcements,Launch into Season 11 | Galaxy Masters!,https://steamstore-a.akamaihd.net/news/externalpost/steam_community_announcements/1836506165583333,"SEASON 11 | GALAXY MASTERSWELCOME ABOARDExplore the new Map, the reworked Melee Combat System, the new Cashout Bot mode, Competitive updates and so much more! Your journey among the stars starts now!Missed the new Reveal? Watch the VOD below as the team takes you behind Season 11's biggest features:To experience the full visual patch notes please click this link.NEW ARENA | GALAXY ESTATESStep into Galaxy Estates, a retro-futuristic space habitat where suburban neighborhoods meet massive orbital "
2026-09-28T10:10:06+00:00,2073850,1836506165567570,2026-07-02T10:00:25+00:00,Community Announcements,Store Update 10.14.0,https://steamstore-a.akamaihd.net/news/externalpost/steam_community_announcements/1836506165567570,"READY FOR DEPARTUREWelcome to Season 10’s last update! Sponsor Showdown is almost over, the Store got refreshed and XP Feast is still live to help you finish these last Battle Pass pages. In the meantime, Season 11 is right around the corner, and we can’t wait to start sharing more very, very soon™ STORE | FLAMINGLE TOPIt sure is warm in the Arena!Show off your digital suntan in the Arena with the Flamingle and Floral State Tops! We’ve also brought back some 4th of July bundles alongside the bra"
2026-09-28T10:10:06+00:00,2073850,1836506165548705,2026-06-25T10:06:44+00:00,Community Announcements,Store Update 10.13.0,https://steamstore-a.akamaihd.net/news/externalpost/steam_community_announcements/1836506165548705,Sponsor Showdown is still underway alongside the XP Feast Event! It is also the last week to try out Respec Order 2.0 and send us your precious feedback! STORE | MAIDENPLATEMake sure bullets are ricocheting off your chest in style with the MaidenPlate Top! Built to improve your survivability in the Arena without sacrificing your sense of fashion.NOTE: The Glow Getter Charm is currently missing from the Luminous Riot Set but will be added as soon as possible.EVENT | RESPEC ORDER 2.0 On top of the
2026-09-28T10:10:06+00:00,2073850,1835871199303657,2026-06-18T09:59:58+00:00,Community Announcements,Update 10.12.0,https://steamstore-a.akamaihd.net/news/externalpost/steam_community_announcements/1835871199303657,"NAEJ FEVERSeasonal Allergies? Meatspace nonsense. This week, Respec Order is back in its 2.0 form, with new changes for you to try. Sponsor Showdown is also live, putting the likes of ALFA ACTA and ISEUL-T in a fierce competition for fame. We’ve also got Twitch drops, the Bonus XP Feast event and more.Check it all out below! STORE | MISS BEHAYVIN’ SETThere isn’t anyone else in the Arena harvesting victories like you do! With your satchel by your side, collect cash, wild plants and flourish in th"
2026-09-28T10:10:06+00:00,2357570,1844751498225514,2026-09-25T17:56:25+00:00,PlayGround.ru - официальная группа,Движок Overwatch не справляется с масштабами и заставляет уродовать дизайн карт,https://steamstore-a.akamaihd.net/news/externalpost/PlayGround.ru - официальная группа/1844751498225514,"Геймдиректор командного шутера Overwatch Аарон Келлер открыто признал наличие серьезных ограничений в графическом ядре игры, которые напрямую влияют на создание уровней. В ходе интервью на фестивале BlizzCon с создателем контента bunnimoni руководитель проекта рассказал о технических препятствиях, с которыми сталкиваются дизайнеры локаций при попытке расширить масштабы виртуальных пространств. Главным примером архитектурных проблем стали арены масштабного режима Flashpoint. Разработчик пояснил, "
2026-09-28T10:10:06+00:00,2357570,1844115010500569,2026-09-21T07:13:32+00:00,PlayGround.ru - официальная группа,Кирико с подавляющим отрывом победила в опросе популярности героев Overwatch на Tokyo Game Show 2026,https://steamstore-a.akamaihd.net/news/externalpost/PlayGround.ru - официальная группа/1844115010500569,"На прошедшем в Токио игровом мероприятии Tokyo Game Show 2026 состоялся интерактивный опрос популярности героев Overwatch. Японским фанатам предлагалось проголосовать за самых привлекательных, по их мнению, персонажей - для этого на площадке была установлена физическая стена с портретами героев. Посетители наклеивали стикеры на доску, отдавая голоса любимцам. Важно отметить, что голосование оценивало именно обаяние и симпатию к персонажам, а не их силу в соревновательном режиме. Ожидаемо, первое"
2026-09-28T10:10:06+00:00,2357570,1843481262694796,2026-09-10T17:02:01+00:00,PlayGround.ru - официальная группа,"Вышел новый музыкальный клип группы LE SSERAFIM, приуроченный к коллаборации с Overwatch",https://steamstore-a.akamaihd.net/news/externalpost/PlayGround.ru - официальная группа/1843481262694796,"Южнокорейская группа LE SSERAFIM официально представила музыкальный видеоклип на заглавный трек своего второго синглового альбома ""Made My Night"". Ролик вышел в рамках новой коллаборации с популярной игрой Overwatch от Blizzard Entertainment. Это уже второе совместное видео группы с франшизой после успешного ""Perfect Night"" 2023 года. Видео начинается с драматичной сцены: участницы LE SSERAFIM оказываются запертыми в тюрьме под натиском очень необычных фанатов. Атмосфера накаляется, но на помощь"
2026-09-28T10:10:06+00:00,2357570,1840310314354805,2026-08-11T17:55:21+00:00,Community Announcements,Overwatch Reign of Talon - Season 4: Heroes of Busan Now Live!,https://steamstore-a.akamaihd.net/news/externalpost/steam_community_announcements/1840310314354805,"Let your teamwork do all the talking during Season 4: Heroes of Busan. The leader of MEKA Squad is ready for her highly anticipated debut as our newest Tank Hero, D.Mon! Take the fight straight to Talon and the Junkers with her close range Plasma Saber and protective Power Barrier. D.Mon isn’t the only MEKA Squad pilot showing up this season. During our Shooting Star: My MEKA Mania Event, you’ll get a chance to support your favorite MEKA pilot by completing challenges, earning rewards, and seein"
2026-09-28T10:10:06+00:00,2357570,1840310314352242,2026-08-10T17:58:34+00:00,Community Announcements,Everything New in Overwatch Season 4: Heroes of Busan,https://steamstore-a.akamaihd.net/news/externalpost/steam_community_announcements/1840310314352242,"Busan is worth defending. Its streets have survived Omnic attacks, its skyline has become one of Overwatch’s most recognizable battlegrounds, and the MEKA Squad has spent years standing between the city and the next catastrophe. In Season 4, the Junkers and Talon descend upon Busan, the MEKA base is called to action, and one long-awaited pilot finally steps into the roster. Tomorrow will bring D.Mon to the fight, put the MEKA Squad in the spotlight, debut a more flexible Battle Pass, and add new"
2026-09-28T10:10:06+00:00,2357570,1839676055886078,2026-07-30T18:00:56+00:00,Community Announcements,Junkrat's Lootbox Hunt,https://steamstore-a.akamaihd.net/news/externalpost/steam_community_announcements/1839676055886078,"Junkrat's Loot Hunt Junkrat’s Loot Hunt turns the July 31 - August 3 weekend into a reward-fueled blast. Every match you play pushes you closer to Loot Boxes, with flexible challenges that let you go all-in or pace yourself. No daily pressure, no nonsense… just explosions, progress, and piles of loot!"
2026-09-28T10:10:06+00:00,2357570,1839041357024636,2026-07-22T17:05:35+00:00,Community Announcements,Overwatch® BlizzCon® Bundle,https://steamstore-a.akamaihd.net/news/externalpost/steam_community_announcements/1839041357024636,"The Overwatch® BlizzCon® Bundle brings icy domination straight to your collection with four exclusive in-game items inspired by one of Blizzard’s coldest rulers: the Lich Queen Mei Legendary Skin, the Frostmourne Ana Weapon Skin, the Lichimari King Weapon Charm, and the Lich Queen Mei Spray.Command frozen power as Lich Queen Mei, channel the dark might of Frostmourne through Ana’s weapon skin, then finish the look with the Lichimari King Weapon Charm and matching Lich Queen Mei spray to leave yo"
2026-09-28T10:10:06+00:00,2357570,1836506165584276,2026-07-09T18:00:34+00:00,Community Announcements,Junkrat's Lootbox Hunt,https://steamstore-a.akamaihd.net/news/externalpost/steam_community_announcements/1836506165584276,"Junkrat's Loot Hunt Junkrat’s Loot Hunt turns the July 10 - 13 weekend into a reward-fueled blast. Every match you play pushes you closer to Loot Boxes, with flexible challenges that let you go all-in or pace yourself. No daily pressure, no nonsense… just explosions, progress, and piles of loot!"
2026-09-28T10:10:06+00:00,2357570,1835236783575263,2026-06-16T18:30:28+00:00,Community Announcements,Excavation Initiative,https://steamstore-a.akamaihd.net/news/externalpost/steam_community_announcements/1835236783575263,"Excavation InitiativeExcavation Initiative rewards you for doing what you'd already be doing: playing Overwatch. Throughout the season, you'll earn Loot Boxes simply by logging in, completing challenges, winning games, and staying active week after week. The more you play, the more opportunities you'll have to uncover Base, Epic, and Legendary Loot Boxes packed with rewards. No complicated routes, no hidden catches… just a season-long treasure hunt with Venture leading the way.Additional Details"
2026-09-28T10:10:06+00:00,2357570,1835236783575209,2026-06-16T18:10:27+00:00,Community Announcements,Anima Strike Meta Event,https://steamstore-a.akamaihd.net/news/externalpost/steam_community_announcements/1835236783575209,"Anima Strike Meta EventAnima Strike is a three-week event that unfolds as you fight your way through the new Tokyo map, where Shion reigns supreme. Conquer daily and weekly challenges to move across the city, discovering Hashimoto, Yokai, and Subway locations, all littered with lore. The deeper you push into Tokyo, the more you uncover, including choices to make on branching paths and fresh rewards to stack each week. Anima Strike is a narrative driven by momentum, told at your pace, your way. H"
2026-09-28T10:10:06+00:00,2357570,1835236783575184,2026-06-16T18:00:27+00:00,Community Announcements,Overwatch Reign of Talon - Season 3: Into the Tiger's Den Now Live!,https://steamstore-a.akamaihd.net/news/externalpost/steam_community_announcements/1835236783575184,"Are you ready to step Into the Tiger’s Den? A new chapter in the Reign of Talon starts here with the arrival of our newest Damage Hero, Shion. As the Hashimoto Clan’s most terrifying elder, Shion brings a dangerous new arsenal to the battlefield with her dual semi-auto pistols and a motorcycle she can crash into her enemies. Battle through the streets of Tokyo in the all-new Hybrid Map, Neon Junction, filled with nods to Japanese culture and easter eggs around every corner. Tokyo also comes to l"
2026-09-28T10:10:06+00:00,2357570,1835236783562143,2026-06-12T01:43:36+00:00,Community Announcements,Season 3: Into the Tiger's Den Livestream | Overwatch Breakdown,https://steamstore-a.akamaihd.net/news/externalpost/steam_community_announcements/1835236783562143,Get an even closer look Into the Tiger’s Den during our next Developer Livestream! Be sure to submit your Season 3 questions for a chance to have answered LIVE June 16 at 10am PT. https://blizz.ly/4ehSZpv
2026-09-28T10:10:06+00:00,2357570,1834602721202825,2026-06-09T19:24:50+00:00,Community Announcements,End of the Line | Shion Hero Trailer | Overwatch,https://steamstore-a.akamaihd.net/news/externalpost/steam_community_announcements/1834602721202825,"Shion Hero TrailerTime to find out who the streets of Tokyo really belong to. Join Shion, our newest Hero and the Hashimoto Clan's most terrifying elder, as she battles against Sojourn in our latest Hero Trailer, End of the Line. Find out what happens next in the Reign of Talon when Season 3: Into the Tiger’s Den arrives on June 16.New Hero: Shion | Official Gameplay Reveal Trailer | OverwatchYou don’t become the leader of the Hashimoto by playing it safe. Introducing Shion - the newest hitscan "
2026-09-28T10:10:06+00:00,2357570,1834602721188374,2026-06-04T18:00:09+00:00,Community Announcements,Junkrat's Lootbox Hunt,https://steamstore-a.akamaihd.net/news/externalpost/steam_community_announcements/1834602721188374,"Junkrat's Lootbox HuntJunkrat’s Loot Hunt turns the June 5-8 weekend into a reward-fueled blast. Every match you play pushes you closer to Loot Boxes, with flexible challenges that let you go all-in or pace yourself. No daily pressure, no nonsense… just explosions, progress, and piles of loot!"
2026-09-28T10:10:06+00:00,2357570,1833334318570455,2026-05-22T01:11:35+00:00,Community Announcements,OWCS Championship Clash - Tokyo 2026,https://steamstore-a.akamaihd.net/news/externalpost/steam_community_announcements/1833334318570455,"Eight top regional teams are now ready and on their way to Tokyo for Champions Clash!On May 21 at 8PM PT, the team will be kicking off an epic on stage face-off to see WHO will be our stage 1 finals champions. Tune-in to cheer on your favorite team!DateJSTPSTMay 2211:30AM-7:30PM7:00PM-2:30AMMay 2311:30AM-8:45PM7:00PM-3:45AMMay 2411:30AM-7:00PM7:00PM-2:00AM"
2026-09-28T10:10:06+00:00,2357570,1832700592787104,2026-05-13T17:35:25+00:00,Community Announcements,Overwatch 10th Anniversary: A Decade of Heroes,https://steamstore-a.akamaihd.net/news/externalpost/steam_community_announcements/1832700592787104,"Overwatch 10th AnniversaryThe world could always use more Heroes… and after a decade of fighting for a better future, you’re still answering the call. The Overwatch 10th Anniversary is a celebration of you, coming with throwback modes across three weeks, while the entire community works together to unlock rewards. From Classic to Mystery Showdown to Golden, each week revisits a different Overwatch era, paired with Anniversary Loot Boxes designed to be fully completed over time. Log in, play your"
2026-09-28T10:10:06+00:00,2357570,1832065502813011,2026-05-07T18:00:26+00:00,Community Announcements,Junkrat's Lootbox Hunt,https://steamstore-a.akamaihd.net/news/externalpost/steam_community_announcements/1832065502813011,"Junkrat's Loot Hunt Junkrat’s Loot Hunt turns the May 8 - 11 weekend into a reward-fueled blast. Every match you play pushes you closer to Loot Boxes, with flexible challenges that let you go all-in or pace yourself. No daily pressure, no nonsense… just explosions, progress, and piles of loot!"
2026-09-28T10:10:06+00:00,2357570,1830797770233922,2026-04-23T18:00:37+00:00,Community Announcements,4v4 Evolved: All Emre,https://steamstore-a.akamaihd.net/news/externalpost/steam_community_announcements/1830797770233922,"4v4 Evolved: All EmreFrom April 28 – May 11, eight Emres will spawn in but only one team will claim victory to finish the fight! 4v4 Evolved puts four Emres on one side versus four on the other in a team deathmatch, where you’re all working to prove your tactics are better than the opposing Emre squad. Plus, the kit you’ll all be using is going to be tuned to make everyone a little more lethal, so fights will move quickly and won’t be quiet. All your angles matter and mistakes will be punished f"
2026-09-28T10:10:06+00:00,2357570,1830163047258213,2026-04-16T18:00:42+00:00,Community Announcements,Reach Heroic Heights in Reign of Talon - Season 2: Summit,https://steamstore-a.akamaihd.net/news/externalpost/steam_community_announcements/1830163047258213,"New DPS Hero: SierraSierra hits the roster and she’s built different. As Head of Security at Watchpoint: Grand Mesa, she defended against Talon, bridging her fight into the present story.She's also carrying an impactful past—her mother was the first test subject in the Soldier Enhancement Program. Sierra has spent years searching for answers, and the trail leads directly to Jack Morrison and Gabriel Reyes. She joins Overwatch under one condition: tell her everything they know.Sierra is upbeat an"
2026-09-28T10:10:06+00:00,2357570,1829528821318608,2026-04-14T18:01:00+00:00,Community Announcements,Overwatch Reign of Talon - Season 2: Summit Now Live!,https://steamstore-a.akamaihd.net/news/externalpost/steam_community_announcements/1829528821318608,"The fight for a better future pushes even higher during Season 2: Summit. Our newest Damage Hero is here with the arrival of Sierra. As Head of Security for Watchpoint: Grand Mesa, Sierra takes pride in protecting those around her, and she does so with an arsenal built for controlling spaces, high and low.Post-Match Accolades are back, giving you the ability to vote for a match’s MVP. And that’s not the only thing returning! Antarctic Peninsula is also back with new pathways and sightlines to he"
2026-09-28T10:10:06+00:00,252490,1842846814444168,2026-09-03T17:26:33+00:00,Community Announcements,BREACH AND CLEAR,https://steamstore-a.akamaihd.net/news/externalpost/steam_community_announcements/1842846814444168,MONUMENT BLOCKERSMonument blockers are a new obstacle we're adding to monuments with red keycard puzzle rooms. They’re intended to slow down early access to the loot at these monuments. They require a significant amount of damage to destroy but once destroyed they won't respawn. You may also find a handful of weaker monument blockers which can be destroyed by melee.We don't think this will have an enormous impact on progression speed but it might make the early wipe a little more interesting for
2026-09-28T10:10:06+00:00,252490,1840310314354123,2026-08-11T09:00:00+00:00,SteamDB,Steam Global Top Sellers for week of 4 Aug — 11 August 2026,https://steamstore-a.akamaihd.net/news/externalpost/SteamDB/1840310314354123,"<a href=""https://steamdb.info/topsellers/2026W33/?utm_source=Steam&utm_medium=Steam&utm_campaign=SteamRSS""> </a> * <a href=""https://steamdb.info/app/1478500/charts/?utm_source=Steam&utm_medium=Steam&utm_campaign=SteamRSS"">Big Walk</a>; * <a href=""https://steamdb.info/app/3787240/charts/?utm_source=Steam&utm_medium=Steam&utm_campaign=SteamRSS"">MARVEL Tōkon: Fighting Souls</a>; * <a href=""https://steamdb.info/app/1091500/charts/?utm_source=Steam&utm_medium=Steam&utm_campaign=SteamRSS"">Cyberpunk 20"
2026-09-28T10:10:06+00:00,252490,1840310314342737,2026-08-06T17:44:49+00:00,Community Announcements,POWER TRIP,https://steamstore-a.akamaihd.net/news/externalpost/steam_community_announcements/1840310314342737,"PLAYER MAINTAINED MONUMENTSThis month we're releasing a set of features we call Player Maintained Monuments - tying together our existing monuments in new and interesting ways while pushing players to interact with each other in the process.POWERING UP THE POWER PLANTUsing new Heavy Fuses, the power plant can be fired back up to unlock several new gameplay features for everyone around the island.Heavy Fuses can be found as loot and must be inserted into the new special fuse boxes located at the "
2026-09-28T10:10:06+00:00,252490,1839676055888796,2026-07-31T16:29:42+00:00,PC Gamer,"Facepunch director Alistair McFarlane, who once offered to buy New World from Amazon and faked us out about Rust 2, has left the company",https://steamstore-a.akamaihd.net/news/externalpost/PC Gamer/1839676055888796,"listair McFarlane, chief operating officer and director of Facepunch Studios, has left the company. McFarlane said in a message posted on <a href=""https://x.com/alistair_mcf/status/2082903283270615319?s=46"" target=""_blank"">X</a> that July 30 was his last day at the studio, bringing to an end an 11 year career that began with a QA role and led him to become the executive producer on <a href=""https://www.pcgamer.com/rust/"" target=""_blank"">Rust</a>, and often the public face of the studio... <a hre"
2026-09-28T10:10:06+00:00,252490,1836506165568764,2026-07-02T18:00:18+00:00,PCGamesN,"Rust's Common Ground update lets you set up clans, a shop, or kick back in your apartment",https://steamstore-a.akamaihd.net/news/externalpost/PCGamesN/1836506165568764,"The July update for Rust, 'Common Ground' is finally here, bringing with it a set of patch notes and a huge amount of new features. Now, Facepunch is looking to its Monuments, adding two brand new ones: The Apartment Complex, which lets you rent rooms when getting started with a wipe, and Rentable Shops to sell items to other players. Read the full story on PCGamesN: <a href=""https://www.pcgamesn.com/rust/common-ground-patch-notes-july-2026"">Rust's Common Ground update lets you set up clans, a s"
2026-09-28T10:10:06+00:00,252490,1836506165568689,2026-07-02T17:44:21+00:00,Community Announcements,COMMON GROUND,https://steamstore-a.akamaihd.net/news/externalpost/steam_community_announcements/1836506165568689,"APARTMENT COMPLEXThe apartment complex is a new monument that allows players getting started with a wipe to find a place to call home. Simply talk to the receptionist in the lobby to get started and rent a room.There are options for every budget, from the basement to the penthouse. Different room types come with different perks, like more storage, furnaces and more.Once you've rented a room you'll need to insert scrap into the slot next to your door, otherwise you'll be evicted and all of your p"
2026-09-28T10:10:06+00:00,252490,1834602721191253,2026-06-05T15:28:05+00:00,PCGamesN,"Rust is having a Face Off moment with its new update, introducing new and improved character models",https://steamstore-a.akamaihd.net/news/externalpost/PCGamesN/1834602721191253,"The Rust 'Built Different' update has just landed, bringing with it the most substantial upgrade to its player models in years. Sporting fresh animations to boot, characters are far more realistic, though I always found their kinetic jank to be part of the Rust experience. Alongside the revamp, Facepunch has brought a new top-tier armor set and a classic assault rifle to the fore. Read the full story on PCGamesN: <a href=""https://www.pcgamesn.com/rust/built-different-update"">Rust is having a Fac"
2026-09-28T10:10:06+00:00,252490,1834602721188803,2026-06-04T20:33:02+00:00,"Rock, Paper, Shotgun","Rust's latest update asks you to say goodbye to your old outdated face and hello to your new, handsome one",https://steamstore-a.akamaihd.net/news/externalpost/rps/1834602721188803,"It's time to say hello to your new face! This would be a creepy as all hell a sentence in just about any other context (perhaps it still is), but I am not a plastic surgeon, I am a person that writes about video games and the things they do. This time, in things that video games are doing, is brought to you by <a href=""https://www.rockpapershotgun.com/games/rust"">Rust</a>, as it's received an update that gives the player character model a bit of a glow-up. <a href=""https://www.rockpapershotgun.c"
2026-09-28T10:10:06+00:00,252490,1834602721188544,2026-06-04T19:08:11+00:00,PC Gamer,Everyone in Rust is getting a new face,https://steamstore-a.akamaihd.net/news/externalpost/PC Gamer/1834602721188544,"Rust's character customization options have always been a bit unusual in that… well, you don't get any. Your character's looks are generated by a random seed and you don't have any say over them. Whatever you get, you get, from face to race to gender to the size of your dong or boobs... <a href=""https://www.pcgamer.com/games/survival-crafting/everyone-in-rust-is-getting-a-new-face/?utm_source=steam&utm_medium=referral"" target=""_blank"">Read more.</a>"
2026-09-28T10:10:06+00:00,252490,1834602721188341,2026-06-04T17:44:04+00:00,Community Announcements,BUILT DIFFERENT,https://steamstore-a.akamaihd.net/news/externalpost/steam_community_announcements/1834602721188341,"PLAYER UPDATENew Player ModelWe’ve overhauled the player model from the ground up.This includes improved meshes and materials, more realistic proportions on a new rig, expanded head and hair seeds and a much needed pass over almost everything player-related. The old player model has served us well for almost 10 years, but it’s lagged behind the rest of the game for some time. Visually, it was showing its age, but just as importantly it was holding us back from making bigger improvements to chara"
2026-09-28T10:10:06+00:00,252490,1832065502819127,2026-05-10T11:00:00+00:00,PC Gamer,"Rust's latest update adds mortars but 'no visual guide to help you land shells,' so get ready for some chaos",https://steamstore-a.akamaihd.net/news/externalpost/PC Gamer/1832065502819127,"Facepunch Studios may have only just released<a href=""https://www.pcgamer.com/s-box/""> S&box</a>, but the launch of its spiritual successor to Garry's Mod has done nothing to slow down its monthly<a href=""https://www.pcgamer.com/rust/""> Rust</a> update. It is as predictable as the tide, or having your base raided by your half-naked neighbours. This month's<a href=""https://store.steampowered.com/news/app/252490/view/653728111564686110?l=english"" target=""_blank""> ""Upgrade hard, raid harder</a>"" pa"
2026-09-28T10:10:06+00:00,252490,1832065502813437,2026-05-07T20:00:29+00:00,PCGamesN,"May's big Rust update adds new, rare workbench upgrades, if you can find them",https://steamstore-a.akamaihd.net/news/externalpost/PCGamesN/1832065502813437,"The May <strong>Rust</strong> update is here, delivering on developer Facepunch's promise of mortars to put rooftop campers in their place. There's far more on offer here, with nine rare workbench upgrades headlining the new Rust patch notes. Steam's most beloved <a href=""https://www.pcgamesn.com/best-survival-games"">survival game</a> also now boasts a refreshed vending machine UI to make trades smoother, along with improvements to the likes of tin can alarms and grenades. To round things out, F"
2026-09-28T10:10:06+00:00,252490,1832065502812966,2026-05-07T17:45:48+00:00,Community Announcements,"UPGRADE HARD, RAID HARDER",https://steamstore-a.akamaihd.net/news/externalpost/steam_community_announcements/1832065502812966,"WORKBENCH UPGRADESWorkbenches have received a whole new upgrade system - along with nine upgrades to find and customise your benches with! Each upgrade provides a different bonus effect, and you can mix and match them to find your favourite combos.These upgrades are not craftable and will not be commonly found, so keep them safe! Open the workbench's inventory to add your upgrades. They each have their own visual, which will alter the way the workbench looks.If you get lucky and collect 'em all,"
2026-09-28T10:10:06+00:00,252490,1831432155581052,2026-05-05T18:11:49+00:00,PCGamesN,"The latest Rust update is an absolute nightmare for roof campers, but I welcome it with open arms",https://steamstore-a.akamaihd.net/news/externalpost/PCGamesN/1831432155581052,"Occasionally, raiding a base in <a href=""https://www.pcgamesn.com/rust"">Rust</a> can be more trouble than it's worth, especially if the owner of said base is stubborn and doesn't want all of their stuff stolen. Selfish really. Some players tend to take to the roof of their structure, out of harm's way, leaving me with very little recourse - until now. Read the full story on PCGamesN: <a href=""https://www.pcgamesn.com/rust/mortar-update"">The latest Rust update is an absolute nightmare for roof ca"
2026-09-28T10:10:06+00:00,252490,1830163047269268,2026-04-21T18:18:09+00:00,PC Gamer,"Rust has a 'horse shield' meta problem, so one enterprising player has come up with a 'horse baiting' meta to fix it",https://steamstore-a.akamaihd.net/news/externalpost/PC Gamer/1830163047269268,"If you play Rust then the mere sight of the words ""horse shield"" probably have you gnashing your teeth and cursing the cheap no-gooders who rely on it. The whole thing is very simple. Ride a horse, equip a shield, and players on-foot have almost no chance against you... <a href=""https://www.pcgamer.com/games/survival-crafting/rust-has-a-horse-shield-meta-problem-so-one-enterprising-player-has-come-up-with-a-horse-baiting-meta-to-fix-it/?utm_source=steam&utm_medium=referral"" target=""_blank"">Read "
2026-09-28T10:10:06+00:00,252490,1830163047268589,2026-04-21T09:00:00+00:00,SteamDB,Steam Global Top Sellers for week of 14 Apr — 21 April 2026,https://steamstore-a.akamaihd.net/news/externalpost/SteamDB/1830163047268589,"<a href=""https://steamdb.info/topsellers/2026W17/?utm_source=Steam&utm_medium=Steam&utm_campaign=SteamRSS""> </a> * <a href=""https://steamdb.info/app/3041230/charts/?utm_source=Steam&utm_medium=Steam&utm_campaign=SteamRSS"">Windrose</a>; * <a href=""https://steamdb.info/app/3357650/charts/?utm_source=Steam&utm_medium=Steam&utm_campaign=SteamRSS"">PRAGMATA</a>; * <a href=""https://steamdb.info/app/2416450/charts/?utm_source=Steam&utm_medium=Steam&utm_campaign=SteamRSS"">MOUSE: P.I. For Hire</a>; * <a h"
2026-09-28T10:10:06+00:00,252490,1829528821308118,2026-04-09T19:55:29+00:00,PC Gamer,Facepunch boss Garry Newman shoots down Rust 2 speculation after mysterious Steam page appears: 'Nope',https://steamstore-a.akamaihd.net/news/externalpost/PC Gamer/1829528821308118,"<strong>Original story:</strong>.. <a href=""https://www.pcgamer.com/games/survival-crafting/rust-2-steam-page-appears-facepunch-immediately-starts-messing-with-fans-about-whether-its-legit-now-youre-all-questioning-yourselves-is-this-real-maybe/?utm_source=steam&utm_medium=referral"" target=""_blank"">Read more.</a>"
2026-09-28T10:10:06+00:00,252490,1828894815563361,2026-04-04T18:26:49+00:00,PCGamesN,Rust's Spring Clean update nerfs the shield meta and boosts early game energy,https://steamstore-a.akamaihd.net/news/externalpost/PCGamesN/1828894815563361,"The <strong>Rust</strong> April update is here, and after a couple of months spent deploying and refining its massive Naval overhaul, Facepunch Studios is getting back to something a little simpler. Don't let that fool you, however, because the 'Spring Clean' patch notes are still packed with welcome additions. These include the new Water Wheel, which could prove a great power solution in the early game, and a nerf to the troublesome shield meta that has become increasingly dominant in the <a hr"
2026-09-28T10:10:06+00:00,252490,1828894815560727,2026-04-03T15:54:09+00:00,PC Gamer,"Rust is getting hydro power through water wheels that can also be powered by humans: 'Before you ask, yes, you can force handcuffed players into them'",https://steamstore-a.akamaihd.net/news/externalpost/PC Gamer/1828894815560727,"Not content with adding one kind of sea power to<a href=""https://www.pcgamer.com/rust/""> Rust</a> in February's<a href=""https://www.pcgamer.com/games/survival-crafting/the-rust-naval-update-is-here-with-base-boat-building-and-an-optional-plank-meant-to-settle-minor-disagreements-with-friends/""> Naval Update</a>, Facepunch studios has introduced a whole other way to exploit the oceans in its latest patch for the survival game. The<a href=""https://store.steampowered.com/news/app/252490/view/533253"
2026-09-28T10:10:06+00:00,252490,1828894815558283,2026-04-02T17:46:36+00:00,Community Announcements,SPRING CLEAN,https://steamstore-a.akamaihd.net/news/externalpost/steam_community_announcements/1828894815558283,"NEW ITEM: ARMOURED LADDER HATCHThe Armoured Ladder Hatch is a new top-tier construction. A direct upgrade from the Metal Ladder Hatch, the Armoured Ladder Hatch is built for players who want maximum durability on their vertical access points.Unlocked at Tier 3, it’s available in both square and triangle variants, slots straight into existing frames.Unlocked at Tier 3, it’s available in both square and triangle variants, slots straight into existing frames.NEW ITEM: WATER WHEELRenewable energy is"
2026-09-28T10:10:06+00:00,381210,1844115010492341,2026-09-17T15:00:07+00:00,Community Announcements,10.1.2a | Patch Notes,https://steamstore-a.akamaihd.net/news/externalpost/steam_community_announcements/1844115010492341,"Reverted the Divine Light curve window while Zealous to 0.6s (was 0.8s)Reverted the Divine Light curve window when non-ZealousDev note: The Judgment's performance skyrocketed following HF2. We are reverting the changes to Divine Light in order to better evaluate Its performance over a longer period of time. We are making a game update to address the growing issue around The Judgment. This will not require a download of any new content, however players will need to restart their game."
2026-09-28T10:10:06+00:00,381210,1843481262704854,2026-09-15T15:07:04+00:00,Community Announcements,10.2.0 | PTB Patch Notes,https://steamstore-a.akamaihd.net/news/externalpost/steam_community_announcements/1843481262704854,"FeaturesSurvivor Intent SystemSurvivors can send and receive text messages during a matchBy pressing and holding the scroll-button when using a Mouse, or the right d-pad input on controllers, players can open the messages wheel8 messages are available for players to select and sendHovering the message, and releasing scroll-button/right, will send the messageInputs are customizableSent messages are shown to all Survivors, next to their information on the left side of the screenMessages are predef"
2026-09-28T10:10:06+00:00,381210,1843481262704672,2026-09-15T14:00:06+00:00,Community Announcements,Denuvo Anti Cheat Trial Update,https://steamstore-a.akamaihd.net/news/externalpost/steam_community_announcements/1843481262704672,"At 11am ET, there will be an update that ends this current Anti Cheat Trial and removes Denuvo from Dead by Daylight. We thank everyone for participating and providing valuable feedback; we will be reviewing all the data and feedback we have received ahead of any future trials. Please stay tuned to our Social Media channels for information on future activities. Our Player Support website has a comprehensive article for removing Denuvo residual files from your PC should you wish: https://support."
2026-09-28T10:10:06+00:00,381210,1843481262701761,2026-09-14T14:00:30+00:00,Community Announcements,Dev Update | 10.2.0 Perks Update,https://steamstore-a.akamaihd.net/news/externalpost/steam_community_announcements/1843481262701761,"Greetings, Fog Dwellers. Today we wanted to talk to you about some of the perk changes (spoiler alert: 58 perks are changing) and content that you can expect in the next PTB, as well as the reasonings behind them.Back in update 9.6.0, we added Diminishing Returns to the game. You may have noticed that this feature did not ship with exponential balance changes to accompany it; we wanted to ease players into the change, monitoring the impact on perk selection first, while we watch to see if any is"
2026-09-28T10:10:06+00:00,381210,1842846814455826,2026-09-08T14:30:39+00:00,Community Announcements,10.1.2 | Bugfix Patch,https://steamstore-a.akamaihd.net/news/externalpost/steam_community_announcements/1842846814455826,"ContentThe JudgmentIncreased the Divine Light curve window while Zealous to 0.8s (was 0.6s)Dev note: In hotfix 1 we increased the Zealous Curve window to 0.6s. However, that duration was shorter based on how long Divine Light was controlled - similar to how it was on the PTB. Because it can get pretty short, we felt it was safe to further increase it to 0.8s. We will continue monitoring this. Added a 0.3s Divine Light curve window when non-ZealousDev note: The curving has been a hugely appreciat"
2026-09-28T10:10:06+00:00,381210,1842846814447263,2026-09-04T17:00:16+00:00,Community Announcements,Dress to the Divines with the Dead by Daylight: Chorus of Sin Merch Collection,https://steamstore-a.akamaihd.net/news/externalpost/steam_community_announcements/1842846814447263,"Celebrate Dead by Daylight: Chorus of Sin with a limited-edition merch collection inspired by the divine horror of The Judgment. Ephemeral as the whims of the divine, the Chorus of Sin collection will be available from August 27 to September 14, 12 p.m. ET One limited release. No restock. Get yours now."
2026-09-28T10:10:06+00:00,381210,1842846814443069,2026-09-03T10:45:28+00:00,PCGamesN,"Dead by Daylight is now testing Denuvo, but ""will not include"" its anti-piracy DRM",https://steamstore-a.akamaihd.net/news/externalpost/PCGamesN/1842846814443069,"A new Dead by Daylight anti-cheat trial is testing Denuvo's protection tool, but Behaviour Interactive makes clear there will be no DRM. Read the full story on PCGamesN: <a href=""https://www.pcgamesn.com/dead-by-daylight/denuvo-anti-cheat-trial-not-drm"">Dead by Daylight is now testing Denuvo, but ""will not include"" its anti-piracy DRM</a>"
2026-09-28T10:10:06+00:00,381210,1842846814440602,2026-09-02T15:00:09+00:00,Community Announcements,Anti-Cheat Trials are now Live,https://steamstore-a.akamaihd.net/news/externalpost/steam_community_announcements/1842846814440602,"Last week, we announced our plans to kick off our Anti-Cheat Trials initiative, and today it's here!Starting today, we will be trialing Denuvo's Anti-Cheat solution. Note that this does not and will not include anything related to DRM, as Denuvo Anti-Cheat is different from Denuvo Anti-Piracy. Another look at the difference between the two: What we ARE trialing: Denuvo Anti-Cheat A tool that detects cheats in-game, identifying people who try to get unfair advantages before they can disrupt fair "
2026-09-28T10:10:06+00:00,381210,1842212951313573,2026-09-01T14:30:25+00:00,Community Announcements,10.1.1 | Bugfix Patch,https://steamstore-a.akamaihd.net/news/externalpost/steam_community_announcements/1842212951313573,"ContentKiller UpdatesThe JudgmentIncreased the Divine Light curve window while Zealous to 0.6s (was 0.3s) Dev note: The decoupling of the curve window from the delay phase was good, but the duration of the window was much too short. As a result, we are doubling it to give players a longer window to curve Divine Light while Zealous. We will continue to monitor this value.The KnightDropping a Pallet while being Hunted by a Guard now causes the Guard to path around the PalletIf the resulting Guard "
2026-09-28T10:10:06+00:00,381210,1842212951313418,2026-09-01T09:00:00+00:00,SteamDB,Steam Global Top Sellers for week of 25 Aug — 1 September 2026,https://steamstore-a.akamaihd.net/news/externalpost/SteamDB/1842212951313418,"<a href=""https://steamdb.info/topsellers/2026W36/?utm_source=Steam&utm_medium=Steam&utm_campaign=SteamRSS""> </a> * <a href=""https://steamdb.info/app/2075800/charts/?utm_source=Steam&utm_medium=Steam&utm_campaign=SteamRSS"">STAR WARS Zero Company™</a>; * <a href=""https://steamdb.info/app/4001890/charts/?utm_source=Steam&utm_medium=Steam&utm_campaign=SteamRSS"">How to Fish</a>; * <a href=""https://steamdb.info/app/4356430/charts/?utm_source=Steam&utm_medium=Steam&utm_campaign=SteamRSS"">NBA 2K27</a>; "
2026-09-28T10:10:06+00:00,381210,1842212951297629,2026-08-26T17:09:25+00:00,GamingOnLinux,Dead by Daylight will be testing out Denuvo Anti-Cheat and other systems soon,https://steamstore-a.akamaihd.net/news/externalpost/GamingOnLinux/1842212951297629,"Dead by Daylight, my current online co-op fixation to play with the partner, is set for some changes with the anti-cheat systems. Read the full article here: https://www.gamingonlinux.com/2026/08/dead-by-daylight-will-be-testing-out-denuvo-anti-cheat-and-other-systems-soon/"
2026-09-28T10:10:06+00:00,381210,1842212951296959,2026-08-26T13:59:51+00:00,Community Announcements,Anti-Cheat Trials,https://steamstore-a.akamaihd.net/news/externalpost/steam_community_announcements/1842212951296959,"Greetings Fog Dwellers! Recently, we shared a survey asking for your thoughts on anti-cheat in Dead by Daylight. One message came through loud and clear: you feel we could be doing more. We hear you and are taking action to bolster and invest in our anti-cheat and security efforts. Put simply, we want you to have the best possible in-game experience, and that means fewer cheaters! While this is just one of many steps in our ongoing commitment to fair play, your involvement and feedback will play"
2026-09-28T10:10:06+00:00,381210,1841579228678469,2026-08-25T14:30:16+00:00,Community Announcements,10.1.0 | Chorus of Sin,https://steamstore-a.akamaihd.net/news/externalpost/steam_community_announcements/1841579228678469,"ContentNew Killer: The JudgmentPOWER: WILL OF THE GODSDIVINE LIGHTPress and hold the Power Button to summon Divine Light for up to 3s.Divine Light moves away from The Judgment and is controlled with camera controls (left/right only).While in this state, Divine Light does not damage Survivors.If Divine Light passes through obstacles, it slows down.While controlling Divine Light, press the Attack Button to Cast it forward.When Cast, it enters a brief delay before it fully activates, damaging and a"
2026-09-28T10:10:06+00:00,381210,1840944183781962,2026-08-15T10:54:11+00:00,PCGamesN,Dead by Daylight's new chat wheel for Survivors is already better thanks to feedback,https://steamstore-a.akamaihd.net/news/externalpost/PCGamesN/1840944183781962,"The Dead by Daylight Player Intent system lets you send preset messages to your fellow Survivors, making communication easier on the fly. Read the full story on PCGamesN: <a href=""https://www.pcgamesn.com/dead-by-daylight/player-intent-wheel"">Dead by Daylight's new chat wheel for Survivors is already better thanks to feedback</a>"
2026-09-28T10:10:06+00:00,381210,1840944183780289,2026-08-14T17:00:22+00:00,Community Announcements,Developer Update | Player Intent System,https://steamstore-a.akamaihd.net/news/externalpost/steam_community_announcements/1840944183780289,"Last week, we hosted a Reddit AMA and on top of having a blast answering your questions, we noticed some topics really got you talking. One of those was the “chat wheel” system we’re working on to help Survivors coordinate and communicate their intentions in-game. So, what better time than the present to share some more details about it with you (including one way your feedback’s already impacted it)! The system in question is – aptly – called Player Intent. With it, you’ll be able to communicat"
2026-09-28T10:10:06+00:00,381210,1840310314347473,2026-08-08T12:20:28+00:00,PCGamesN,"Dead by Daylight is getting a Survivor chat wheel soon, as Behaviour reveals plans to debloat a decade of systems",https://steamstore-a.akamaihd.net/news/externalpost/PCGamesN/1840310314347473,"A new Dead by Daylight Q&A with Behaviour Interactive has revealed plans to debloat add-ons, along with a new chat wheel for Survivors. Read the full story on PCGamesN: <a href=""https://www.pcgamesn.com/dead-by-daylight/dbd-ama-survivor-chat-wheel"">Dead by Daylight is getting a Survivor chat wheel soon, as Behaviour reveals plans to debloat a decade of systems</a>"
2026-09-28T10:10:06+00:00,381210,1839676055897881,2026-08-04T15:00:14+00:00,PCGamesN,Dead by Daylight's first-ever community-created chapter has finally hit the PTB,https://steamstore-a.akamaihd.net/news/externalpost/PCGamesN/1839676055897881,"Dead by Daylight's first community-driven Chapter, Chorus of Sin, has arrived on the PTB, and I'm obsessed with its divine themes. Read the full story on PCGamesN: <a href=""https://www.pcgamesn.com/dead-by-daylight/chorus-of-sin-ptb"">Dead by Daylight's first-ever community-created chapter has finally hit the PTB</a>"
2026-09-28T10:10:06+00:00,381210,1839676055897511,2026-08-04T14:30:45+00:00,Community Announcements,10.1.0 | PTB Patch Notes,https://steamstore-a.akamaihd.net/news/externalpost/steam_community_announcements/1839676055897511,"FeaturesNew Killer: The JudgmentPOWER: WILL OF THE GODSDIVINE LIGHTPress and hold the Power Button (M2) to summon Divine Light for up to 3s.Divine Light moves away from The Judgment and is controlled with camera controls (left/right only).While in this state, Divine Light does not damage Survivors.If Divine Light passes through obstacles, it slows down.While controlling Divine Light, press the Attack Button (M1) to Cast it forward.When cast, it enters a brief delay before it fully activates, dam"
2026-09-28T10:10:06+00:00,381210,1839676055887482,2026-07-31T08:21:49+00:00,PCGamesN,"Dead by Daylight's Chorus of Sin Chapter to get first-ever early access period, if you're dedicated enough",https://steamstore-a.akamaihd.net/news/externalpost/PCGamesN/1839676055887482,"Dead by Daylight keeps shaking things up with the community-driven Chorus of Sin Chapter, providing a means for gamers to get early access. Read the full story on PCGamesN: <a href=""https://www.pcgamesn.com/dead-by-daylight/chorus-of-sin-chapter-early-access"">Dead by Daylight's Chorus of Sin Chapter to get first-ever early access period, if you're dedicated enough</a>"
2026-09-28T10:10:06+00:00,381210,1839676055885005,2026-07-30T12:00:12+00:00,Community Announcements,Chorus of Sin - Early Access,https://steamstore-a.akamaihd.net/news/externalpost/steam_community_announcements/1839676055885005,"We've spent over a year building the Chorus of Sin Chapter with you through The Grimoire. You've been with us every step of the way, one vote at a time, and we wanted to thank you for helping us bring these new Characters to life. As of today, we are launching our Early Access build for the content of the Chorus of Sin. The Early Access is usually meant to give creators an early look at the new content ahead of the PTB, an experience they share with their own community, but this time we wanted t"
2026-09-28T10:10:06+00:00,105600,1844751498224150,2026-09-25T10:12:33+00:00,PCGamesN,"The long-awaited Terraria crossplay update is finally in ""the finishing touches"" stage",https://steamstore-a.akamaihd.net/news/externalpost/PCGamesN/1844751498224150,"The Terraria State of the Game for September 2026 confirms the first phase of crossplay testing is close, with ""a little something"" extra. Read the full story on PCGamesN: <a href=""https://www.pcgamesn.com/terraria/crossplay-state-of-the-game-september-2026"">The long-awaited Terraria crossplay update is finally in ""the finishing touches"" stage</a>"
2026-09-28T10:10:06+00:00,105600,1844751498222763,2026-09-24T21:47:01+00:00,Community Announcements,Terraria State of the Game - September 2026,https://steamstore-a.akamaihd.net/news/externalpost/steam_community_announcements/1844751498222763,"{STEAM_CLAN_IMAGE}/3949769/231d5745969f6eeb3abae9b0e66c41ced0ca382a.png Greetings Terrarians! Wow, what a month it has been for our little team! A few of us went on a multi-week international odyssey (more on that below) that started with Gamescom and ended up in China! The rest of the team has been hard at work putting the finishing touches on Crossplay Phase One alongside a handful of lingering fixes that remain from 1.4.5.8. We have a strong plan moving forward, and we cannot wait to share it"
2026-09-28T10:10:06+00:00,105600,1842212951308398,2026-08-30T20:05:25+00:00,Community Announcements,Terraria State of the Game - August 2026,https://steamstore-a.akamaihd.net/news/externalpost/steam_community_announcements/1842212951308398,"{STEAM_CLAN_IMAGE}/3949769/87b096d573c175653a3b7b3c2342b9e60fa63c4f.png Greetings Terrarians! ​ So, 1.4.5.7 is out for PC, coming very soon for Console and Mobile - how exciting! We hope you all enjoy what is on offer with this latest Terraria update. The next few steps in our journey are pretty exciting, and we cannot wait to share all of that with you in the months ahead. For now, we have left a few hints in this month's developer update sections. We are currently on the road at Gamescom with "
2026-09-28T10:10:06+00:00,105600,1841579228665270,2026-08-20T10:22:12+00:00,PCGamesN,Terraria just surprise-dropped a massive update with dozens of new items,https://steamstore-a.akamaihd.net/news/externalpost/PCGamesN/1841579228665270,"Terraria update 1.4.5.7 is out now, and it's a huge upgrade with dozens of new items, big balance changes, and multiplayer improvements. Read the full story on PCGamesN: <a href=""https://www.pcgamesn.com/terraria/update-1-4-5-7-patch-notes"">Terraria just surprise-dropped a massive update with dozens of new items</a>"
2026-09-28T10:10:06+00:00,105600,1841579228663704,2026-08-19T20:45:37+00:00,Community Announcements,Terraria 1.4.5.7 - Out Now for PC! (Console/Mobile Soon),https://steamstore-a.akamaihd.net/news/externalpost/steam_community_announcements/1841579228663704,"{STEAM_CLAN_IMAGE}/3949769/d8e64fccf4c6a6ba668db850bbb0e6be7de5d0ac.png Greetings Terrarians! At long last, we are pleased to announce that Terraria 1.4.5.7 is out now for PC! Terraria 1.4.5.7 is the latest and last (barring any critical fixes needed) hotfix for the Bigger and Boulder update. It has a heavy focus on balance, including stat and functionality changes to existing items and even some brand new items that we are sure you will all enjoy. Of course, while we were at it, we dealt with s"
2026-09-28T10:10:06+00:00,105600,1840310314354182,2026-08-11T13:51:53+00:00,PC Gamer,"After 10 years, Terraria's biggest mod shuts down due to an 'irrecoverably tainted reputation' and grooming allegations",https://steamstore-a.akamaihd.net/news/externalpost/PC Gamer/1840310314354182,"<a href=""https://www.pcgamer.com/terraria/"">Terraria</a> has a passionate and wide-spread modding community—and the jewel in its crown for many years was Calamity, a mod that was on a scope of an expansion pack, adding new bosses, weapons, and so on to the survival crafter. It's existed for 10 years, but it'll now be shutting down due to some heavy allegations levelled at the mod's currently absentee owner... <a href=""https://www.pcgamer.com/games/survival-crafting/after-10-years-terrarias-bigge"
2026-09-28T10:10:06+00:00,105600,1839676055889062,2026-07-31T16:56:33+00:00,PCGamesN,"Terraria 1.4.5.7 is almost here, with gassy greatswords and trick projectiles",https://steamstore-a.akamaihd.net/news/externalpost/PCGamesN/1839676055889062,"Re-Logic says Terraria update 1.4.5.7 is nearly complete, and gives us two spoilers as it prepares to roll into the crossplay launch next. Read the full story on PCGamesN: <a href=""https://www.pcgamesn.com/terraria/state-of-the-game-july-2026"">Terraria 1.4.5.7 is almost here, with gassy greatswords and trick projectiles</a>"
2026-09-28T10:10:06+00:00,105600,1839676055886308,2026-07-30T20:08:49+00:00,Community Announcements,Terraria State of the Game - July 2026,https://steamstore-a.akamaihd.net/news/externalpost/steam_community_announcements/1839676055886308,"{STEAM_CLAN_IMAGE}/3949769/82b1363c400bdeb3a62293e007e5ef8c5bd71192.png Greetings Terrarians! Hot enough for you out there? The way we figure it, there is no better way to dodge these insane heatwaves than getting some game time. Of course, we remain hard at work on the latest update (1.4.5.7) as well as laying the groundwork for what is to come soon thereafter. Parts of the team are also gearing up for some upcoming travel. It is an exciting time for Terraria and our team, and we cannot wait to"
2026-09-28T10:10:06+00:00,105600,1836506165553319,2026-06-26T09:37:57+00:00,PCGamesN,Terraria 1.4.5.7 is finally giving my favorite weapon type the love it's deserved for years,https://steamstore-a.akamaihd.net/news/externalpost/PCGamesN/1836506165553319,"There's not much you could have said to get me more excited for the next Terraria update than this. Re-Logic is currently working on a big round of balancing and additional weapon changes for the upcoming patch 1.4.5.7, with the goal of making every class feel worthwhile and fun to play. As part of that, it's finally taking a look at what is unquestionably the most fun offensive option in the sandbox indie game - yoyos. In a new Terraria State of the Game for June 2026, Head of Business Strategy"
2026-09-28T10:10:06+00:00,105600,1836506165552129,2026-06-25T23:31:37+00:00,Community Announcements,Terraria State of the Game - June 2026,https://steamstore-a.akamaihd.net/news/externalpost/steam_community_announcements/1836506165552129,"{STEAM_CLAN_IMAGE}/3949769/2f6e99310e5a140132376f7f33963677ab2917c9.jpg Greetings Terrarians! Another month in the books! It has been a hectic one indeed, between work on 1.4.5.7, doing some interviews for the Design Works book, getting ready for some upcoming events in the fall, and more. We are very ready to get what we hope will be the last (or darn close to it) hotfix update for Bigger and Boulder into your hands and then to get rolling on what comes next. Crossplay and beyond, the future is"
2026-09-28T10:10:06+00:00,105600,1835871199305203,2026-06-18T18:39:17+00:00,Community Announcements,Terraria: Design Works - Preorder yours today!,https://steamstore-a.akamaihd.net/news/externalpost/steam_community_announcements/1835871199305203,"TERRARIA: DESIGN WORKS {STEAM_CLAN_IMAGE}/3949769/a976cf93cd75c042c57fa321a461b61cb024aa44.jpg This premium book will chart the design and development of Terraria from its inception back in 2011 through to today, written by Christian Donlan. Now you can dig into the game’s development itself with Terraria: Design Works. Based on in-depth interviews with Andrew Spinks, the singular individual who created Terraria, along with the fascinating team who have worked with him to keep the game thriving "
2026-09-28T10:10:06+00:00,105600,1835236783558078,2026-06-10T16:13:50+00:00,Community Announcements,Terraria 15th Anniversary Collector's Edition - Preorders are now open!,https://steamstore-a.akamaihd.net/news/externalpost/steam_community_announcements/1835236783558078,"{STEAM_CLAN_IMAGE}/3949769/4fb7256abf386d0b442240450d42d5a3548af554.png Greetings, Terrarians! As we mentioned in our 15th Anniversary post a few weeks ago, we are beyond excited to roll out a brand new Terraria Collector's Edition. We think this is a nice handful of really cool collectables that the fans will enjoy. Anyway, let's jump right in to the details, shall we? Check out a quick video preview of the Terraria 15th Anniversary Collector's Edition! So, what all is included? TERRARIAN HERO "
2026-09-28T10:10:06+00:00,105600,1833968530893402,2026-05-30T12:04:01+00:00,PC Gamer,"It seems Terraria's developer is as bad at making small updates as it is final ones, as it says its latest balance patch is much more than 'adjusting a few numbers'",https://steamstore-a.akamaihd.net/news/externalpost/PC Gamer/1833968530893402,"Back in January,<a href=""https://www.pcgamer.com/terraria/""> Terraria</a> finally received its gargantuan 1.4.5 patch. Three years in the making, 1.4.5 was supposed to be the final update for the long-running, massively successful survival-crafting game. But it turns out that developer Re-Logic is terrible at making final updates, having<a href=""https://store.steampowered.com/news/app/105600/view/662735945909403986""> committed to at least one further major patch</a> in the future while leaving t"
2026-09-28T10:10:06+00:00,105600,1833968530891088,2026-05-29T11:49:23+00:00,PCGamesN,"The next Terraria update ""is not just about adjusting a few numbers""",https://steamstore-a.akamaihd.net/news/externalpost/PCGamesN/1833968530891088,"A new Terraria State of the Game has just arrived for May 2026, and developer Re-Logic has made ""a ton of progress on 1.4.5.7"" in the past month, according to the studio's Head of Business Strategy Ted 'Loki' Murphy. He says the next Terraria update ""is shaping up nicely, we think, and thank you for giving us the time to try and get it as right as possible on the first go - a big challenge with any balance-based task."" As the latest spoilers reveal, however, the changes on the cards are more sig"
2026-09-28T10:10:06+00:00,105600,1833968530889388,2026-05-28T20:36:37+00:00,Community Announcements,Terraria State of the Game - May 2026,https://steamstore-a.akamaihd.net/news/externalpost/steam_community_announcements/1833968530889388,"{STEAM_CLAN_IMAGE}/3949769/1e98b5c18c13a38557e2dda5d1ce71d9e6d2ac41.png Greetings Terrarians! We are back once again with the latest and greatest Terraria news. It was another eventful month - Terraria turned 15(!), we saw the teaser reveals of both the Collector's Edition and the Design Works retrospective book, and a ton of progress took place on 1.4.5.7 as well. That one is shaping up nicely, we think, and thank you for giving us the time needed to try and get it as right as possible on the f"
2026-09-28T10:10:06+00:00,105600,1832700592798828,2026-05-18T15:33:35+00:00,GamingOnLinux,"Re-Logic celebrate 15 years of Terraria - 70 million sales, cross-play soon and more updates to come",https://steamstore-a.akamaihd.net/news/externalpost/GamingOnLinux/1832700592798828,Developers Re-Logic are celebrating a huge 15 years of the side-scrolling survival crafting adventure game Terraria with it still going strong. Read the full article here: https://www.gamingonlinux.com/2026/05/re-logic-celebrate-15-years-of-terraria-70-million-sales-cross-play-soon-and-more-updates-to-come/
2026-09-28T10:10:06+00:00,105600,1832700592796721,2026-05-17T18:53:02+00:00,PC Gamer,Terraria devs reveal the game's average playtime on PC is over 100 hours as it passes 70 million copies sold,https://steamstore-a.akamaihd.net/news/externalpost/PC Gamer/1832700592796721,"Whenever I remember I have 80 hours logged in Terraria, I'm a little shocked because it doesn't feel like I put nearly that much time into it. Turns out, those are rookie numbers anyway—in a <a href=""https://steamcommunity.com/games/105600/announcements/detail/662735945909403987?snr=2___"" target=""_blank"">blog post</a> published yesterday, developer Re-Logic shared a bunch of stats and revealed that the average PC player's logged time was 101 hours and 18 minutes... <a href=""https://www.pcgamer.c"
2026-09-28T10:10:06+00:00,105600,1832700592796234,2026-05-17T13:34:22+00:00,PCGamesN,"As Terraria turns 15, Re-Logic confirms crossplay is ""soon"" and that ""updates will continue beyond 1.4.6""",https://steamstore-a.akamaihd.net/news/externalpost/PCGamesN/1832700592796234,"Terraria is 15 years old this weekend, in just the latest terrifying video game anniversary to make me feel ancient. That's given developer Re-Logic a moment to reflect on how far it's come, share a few of its most impressive stats, and note that crossplay is getting close. ""That is a long time indeed,"" Head of Business Strategy Ted 'Loki' Murphy writes. ""That's 131,400 hours - which quite a few of you have chosen to spend with our humble game."" Read the full story on PCGamesN: <a href=""https://"
2026-09-28T10:10:06+00:00,105600,1832700592794921,2026-05-16T19:02:27+00:00,Community Announcements,Celebrating 15 Years of Terraria!,https://steamstore-a.akamaihd.net/news/externalpost/steam_community_announcements/1832700592794921,"{STEAM_CLAN_IMAGE}/3949769/663329026d95b0bf35381bea50fc6fed07eef136.png Fifteen Years?! That is a long time indeed! That's 131,400 hours - which quite a few of you have chosen to spend with our humble game. To say that reaching this milestone is equal parts insane and humbling is a massive understatement. It is really hard to put into words what your support for these many years has meant to our little studio. Simply put, you all are the engine that makes this all work. Your support allows us to"
2026-09-28T10:10:06+00:00,105600,1831432155571156,2026-05-01T12:12:54+00:00,PCGamesN,New Terraria State of the Game promises fixes for its most frustrating combat problems,https://steamstore-a.akamaihd.net/news/externalpost/PCGamesN/1831432155571156,"A new <strong>Terraria</strong> State of the Game update is here, and developer Re-Logic is finally tackling some of the long-term combat frustrations that have been the bane of the <a href=""https://www.pcgamesn.com/15-best-sandbox-games-pc"">sandbox game</a> for many years. Head of Business Strategy Ted 'Loki' Murphy comments that the Terraria 1.4.5 launch feels like ""just yesterday,"" but says the team has been ""head-down working away on post-launch support."" With balancing at the center of the "
2026-09-28T10:10:06+00:00,322330,1840944183777459,2026-08-13T17:16:20+00:00,Community Announcements,"Intermission: [No Day at the Beach] - Animated Short, Login Reward and More!",https://steamstore-a.akamaihd.net/news/externalpost/steam_community_announcements/1840944183777459,"Don't Starve Together: No Day at the Beach \ The days grow warm, the nights turn lively, and friends gather together. But can a little summer joy melt even the coldest of hearts? Streaming Drops! “Put out fires with a splashy splat. The “Bugburst Waterballoon” has been added to the Chitinous Collection. Check out this post for more info! Free Login Reward! We're adding a whole set of aquatic attire to the game in three different styles. For a limited time, just log into the game, and receive the"
2026-09-28T10:10:06+00:00,322330,1836506165576869,2026-07-06T22:58:25+00:00,Community Announcements,Hotfix 740477,https://steamstore-a.akamaihd.net/news/externalpost/steam_community_announcements/1836506165576869,Changes The Tesla Coil Helm skin is now called the Arc Welded Helm. Bug Fixes Fixed the icon in the Belongings for the Arc Welded Helm skin. Fixed an issue with Klei Account linked items not being able to be used on dedicated servers.
2026-09-28T10:10:06+00:00,322330,1836506165569331,2026-07-03T00:51:55+00:00,Community Announcements,Hotfix 740256,https://steamstore-a.akamaihd.net/news/externalpost/steam_community_announcements/1836506165569331,Changes Desiccant Pouch/Sacks now dries off from high heat instead of uncontrolled sources of fire. (e.g. Fire Pits and Scaled Furnaces will dry off Desiccants now.) The Caddy Cap skins may now be applied to the Tam o' Shanter. Improved Mini-Golf obstacle visuals to better match their physics. Added new states for Eets critter. Bug Fixes Fixed a crash from the Gilded Knights. Fixed a crash from the Lurking Nightmare when hitting a player riding a Beefalo. Fixed crash when using Cannons with a co
2026-09-28T10:10:06+00:00,322330,1836506165552238,2026-06-26T00:38:02+00:00,Community Announcements,Hotfix 739495,https://steamstore-a.akamaihd.net/news/externalpost/steam_community_announcements/1836506165552238,Changes The Mini-Golf Ball Dropper will refund your Cawnival Token at the end of the round on custom courses. Mouse aiming the Putter now has lowered accuracy when your pointer is entirely outside the reticule range. Bug Fixes Fixed missing animations for Mini Worm Holes on a server without Caves. Fixed incorrect rotations for some Golf structures when placing a course at certain orientations. Fixed a client crash when closing the minimap at the same time it was opened for an action on the map. 
2026-09-28T10:10:06+00:00,322330,1836506165551438,2026-06-25T18:37:41+00:00,Community Announcements,Midsummer Cawnival is Back!,https://steamstore-a.akamaihd.net/news/externalpost/steam_community_announcements/1836506165551438,"The Cawnival is back in the Constant! Our survivors are once again greeted by the festive feathered Corvus Goodfeather and his crow compatriots. Decorate, try your luck at the Cawnival games, and maybe even win some prizes! This year's star attraction is Mini-golf! Take a swing and one of several pre-built courses for your chance at some tickets, or build your own course for some added fun. Highlights:Start of the annual Midsummer Cawnival event.The master of ceremonies, Corvus Goodfeather can b"
2026-09-28T10:10:06+00:00,322330,1835871199309401,2026-06-20T13:40:03+00:00,SteamDB,Don't Starve Together peaks at 122k players,https://steamstore-a.akamaihd.net/news/externalpost/SteamDB/1835871199309401,"<a href=""https://steamdb.info/app/322330/charts/?utm_source=Steam&utm_medium=Steam&utm_campaign=SteamRSS""> </a> Don't Starve Together has peaked at 122,662 concurrent players on 21 June 2026 which is 10 years after release. View charts and more statistics on our website."
2026-09-28T10:10:06+00:00,322330,1835236783561228,2026-06-11T17:00:24+00:00,Community Announcements,Don't Starve Together: From Beyond - Cursed Confrontation Pt. 1 & Klei Fest 2026,https://steamstore-a.akamaihd.net/news/externalpost/steam_community_announcements/1835236783561228,"Don't Starve Together: From Beyond - Cursed Confrontation Part 1 is Now Available for all players! Celebrating 20 years of Klei Entertainment and 10 years of Don't Starve Together, we've got a bunch of stuff for you today! Walk a forbidden path. Cross a warded threshold. Accept a fate long sealed. Choices of unimaginable consequence await. Highlights New boss and loot drops from the Sanctum.Added Waymark Compass to help navigate the Sanctum rooms.A rope can be used on the Sanctum Chasm to provid"
2026-09-28T10:10:06+00:00,322330,1834602721188708,2026-06-04T20:36:14+00:00,Community Announcements,Klei Fest & Cursed Confrontation Part 1 Coming June 11th!,https://steamstore-a.akamaihd.net/news/externalpost/steam_community_announcements/1834602721188708,"Don't Starve Together: From Beyond - Cursed Confrontation Part 1 is coming June 11th! We spent a bit more time on WX-78 skill spotlight than anticipated, so the Shadow arc will be released in two parts. The focus of this update will be on the final room in the Sanctum, where you can obtain the Keystone. For now, taking the Keystone to the Ancient Gateway will just reset the Sanctum. HighlightsNew boss and loot drops from the Sanctum. Added Waymark Compass to help navigate the Sanctum rooms. A ro"
2026-09-28T10:10:06+00:00,322330,1832700592785192,2026-05-13T02:22:56+00:00,Community Announcements,Hotfix 728321,https://steamstore-a.akamaihd.net/news/externalpost/steam_community_announcements/1832700592785192,Small hotfix to address some concerns that have cropped up. Bug Fixes Fixed certain projectiles getting stuck on physics and staying around longer than intended. Fixed an issue with server side handling of slash commands.
2026-09-28T10:10:06+00:00,322330,1832065502810673,2026-05-07T02:08:26+00:00,Community Announcements,Hotfix 727204,https://steamstore-a.akamaihd.net/news/externalpost/steam_community_announcements/1832065502810673,Changes WX-78 may now Transfer Consciousness in and out of the Sanctum and the Sanctum Lobby. Bug Fixes Fixed Mimicked items never reverting over time after being dropped in a container. Fixed WX-78 Backup Chassis losing ownership when being cursed into Wonkey. Fixed Powder Monkeys not disengaging from fighting a player transitioning to or from Wonkey. Fixed not dropping Implanted items when turning into Wonkey. Fixed a crash sometimes when burning Evergreens are destroyed after going off-screen
2026-09-28T10:10:06+00:00,322330,1832065502807638,2026-05-05T23:53:27+00:00,Community Announcements,Hotfix 726875,https://steamstore-a.akamaihd.net/news/externalpost/steam_community_announcements/1832065502807638,"Bug Fixes Fixed creatures like Chester that follow a carried item still following the holder of the item when the item is dropped from a distance. Fixed crash when using shift-click to transfer items out of containers like Expansive Storage Unit, Ammo Pouch, Battle Call Canister, Picnic Casket, etc. Fixed client prediction sometimes failing after transforming into Wonkey. Fixed Exploiterators and Auto-Grabbers stopping from following WX-78 after minigames. Fixed mutating Puffins being invisible."
2026-09-28T10:10:06+00:00,322330,1831432155579264,2026-05-05T06:42:08+00:00,Community Announcements,Hotfix 726747,https://steamstore-a.akamaihd.net/news/externalpost/steam_community_announcements/1831432155579264,"Changes Auto-Grabber can now deposit matching items into Expansive Storage Units (activated via Spatializer Circuits). Expansive Storage Units now inherit WX-78’s preserver rates from active Refrigerant and Thermal Circuits. Blocking Circuit ability will protect against thief sources such as Frogs, Bearger, Powder Monkey, Otter, etc. Other players’ Exploiterators will now appear faded out if there are too many WX-78 players using them on your screen. Bug Fixes Fixed Auto-Grabber’s range boost ne"
2026-09-28T10:10:06+00:00,322330,1831432155569732,2026-04-30T21:34:13+00:00,Community Announcements,The WX-78 Skill Spotlight Follow-up is Now Available!,https://steamstore-a.akamaihd.net/news/externalpost/steam_community_announcements/1831432155569732,"Hey Everybody!Today we have a small Follow-Up Shadow Affinity update for the WX-78 Skill spotlight.Highlights Include:Added a new Chessmaster Circuit.Added the Shadow Servitor skill for WX-78.Replaced Field Survey II skill with Signal Booster skill, which boosts all drone ranges in general.Roto-Mapper now also functions similar to Ocuvigil, but only revealed to the owner.Additional behaviour and interactions for the Possessed Chassis.Login RewardsWe're also including some login rewards for you. "
2026-09-28T10:10:06+00:00,322330,1830163047258114,2026-04-16T17:13:39+00:00,Community Announcements,The WX-78 Skill Spotlight Update is Now Available!,https://steamstore-a.akamaihd.net/news/externalpost/steam_community_announcements/1830163047258114,"Everyone's favorite soulless automaton is due for an upgrade to ensure their reign of terror over the innocent organics of the Constant continues.WX-78 Skill Spotlight The WX-78 skill spotlight is now available on Steam. We aren't quite happy with Shadow Affinity, so we decided to lock that part of the tree, and we'll hotfix it in as soon as we have it ready for you. We'll need a few more days for console since we need a new build for console that holds off the shadow affinity portion of the tre"
2026-09-28T10:10:06+00:00,322330,1829528821307566,2026-04-09T16:49:07+00:00,Community Announcements,Announcing: Don't Starve Elsewhere + WX-78 Skill Spotlight & Roadmap Next Week!,https://steamstore-a.akamaihd.net/news/externalpost/steam_community_announcements/1829528821307566,"Hey everybody, The WX-78 Skill Spotlight update and content update plan (Roadmap) is coming next Thursday, April 16th! Of course, we'll also have new skins and a new set of streaming drops for everybody as well. If you missed it, we also just officially announced Don't Starve Elsewhere during the Triple-i Initiative Showcase. Check that out below! And if you're Interested, make sure to wishlist the game on Steam. We won't be posting about it much in DST areas, so if you want to keep up on news a"
2026-09-28T10:10:06+00:00,322330,1827626365754698,2026-03-19T17:21:41+00:00,Community Announcements,"Don't Starve Together: Intermission - Animated Short, Login Reward and More!",https://steamstore-a.akamaihd.net/news/externalpost/steam_community_announcements/1827626365754698,"Hey all, it's time for Intermission! This time, we've got a new entry in the Tales from the Constant series of animated shorts, a new login reward, streaming drops, and a skill update beta that you might be interested in. Tales from the Constant: Birds of a Feather \ You never know who life will place along your path. Some walk with you for a moment, others for a lifetime, yet each leaves something behind. It's Beta Time! The WX-78 Skill spotlight will be released to beta later today. This first"
2026-09-28T10:10:06+00:00,322330,1825093633195970,2026-02-24T00:08:41+00:00,Community Announcements,Hotfix 714014,https://steamstore-a.akamaihd.net/news/externalpost/steam_community_announcements/1825093633195970,Bug Fixes Fixed a crash related to the Deck Of Cards. Fixed networking exploit with tripping while galloping on clients. Fixed world settings incorrectly affecting Nightmare Light and Nightmare Fissure creature spawns.
2026-09-28T10:10:06+00:00,322330,1825093633186482,2026-02-19T22:46:01+00:00,Community Announcements,Hotfix 713564,https://steamstore-a.akamaihd.net/news/externalpost/steam_community_announcements/1825093633186482,"Bug Fixes Shtick Horse will no longer slow you down if you were already faster than its speed boost. Fixed cases where repaired or previously befriended Clockworks did not follow you sometimes. Fixed Chester, Glommer, Polly Rogers, and others from getting detached from their items when attacked. Fixed bug with Spiders attacking a Chester that is following Webber. Fixed bug related to unlucky players’ effects on Hound waves. Fixed bug with Lightning Strikes incorrectly affecting nearby Torches an"
2026-09-28T10:10:06+00:00,322330,1824644522841267,2026-02-14T06:06:11+00:00,Community Announcements,Hotfix 712852,https://steamstore-a.akamaihd.net/news/externalpost/steam_community_announcements/1824644522841267,"ChangesClockworks can now only be befriended when they are stunned, and the action string has been changed to “Repair”.Bug FixesFixed bug where a Rook and a Player with damage reflect could stunlock each other indefinitely.Fixed Mockingbirds blocking placement and sticking around in an invisible state when the Knight Shrine is destroyed.Fixed certain entities that are in a non-workable state, being worked anyways from collision with the Shtick Horse.Fixed Gloombell’s manure disappearing and revi"
2026-09-28T10:10:06+00:00,322330,1824644522837802,2026-02-13T02:27:09+00:00,Community Announcements,Hotfix 712555,https://steamstore-a.akamaihd.net/news/externalpost/steam_community_announcements/1824644522837802,Bug FixesFixed WX-78’s examination string for the new play bill.Fixed Clockwork Bishop’s attacks ignoring electrocute resistance.Fixed Clockwork Knight missing a foot in its stunned state.Fixed a crash when debug spawning Gilded Knights.Fixed a crash sometimes when Eye of Terror dashes through a T.I.N.G.L.E. Node.Fixed a crash when galloping into certain structures.Fixed a crash with items like Chester's Eyebone when dropping them if the follower died.Fixed a crash sometimes when Buzzards landed
2026-09-28T10:10:06+00:00,892970,1844751498224366,2026-09-25T12:18:42+00:00,Community Announcements,Patch 1.0.16,https://steamstore-a.akamaihd.net/news/externalpost/steam_community_announcements/1844751498224366,"Further tweaks for you today, vikings! This one includes fixes for both terrain modification and for some achievements, so we hope this makes playing smoother for you all! Due to some internal restrictions, the patch will require a few days to get uploaded to all platforms. Despite this, however, crossplay will still remain functional, so you can keep playing with your friends regardless of what platform you’re on. Patch Notes: * Fixed a bug that caused terrain modifications to revert in Deep No"
2026-09-28T10:10:06+00:00,892970,1844115010494664,2026-09-18T12:43:25+00:00,Community Announcements,Patch 1.0.15,https://steamstore-a.akamaihd.net/news/externalpost/steam_community_announcements/1844115010494664,"We have a small patch today that fixes an issue which has caused some players to have duplicated terrains and decreased performance. If you have been affected by this there is a possibility that you will have some visual seams in your terrain. Simply deform the terrain along these seams, or walk in the snow there to make the seams disappear. Previously, these seams would re-appear after reloading the area, but now they will persist correctly. For those of you who have run into the issue of incor"
2026-09-28T10:10:06+00:00,892970,1844115010491701,2026-09-17T11:12:10+00:00,Community Announcements,Patch 1.0.14,https://steamstore-a.akamaihd.net/news/externalpost/steam_community_announcements/1844115010491701,"We've got more hotfixes and improvements for you today! This patch touches upon a little bit of everything, from keybindings to music. We hope you're having fun in the tenth world, vikings! Due to some internal restrictions, the patch will require a few days to get uploaded to all platforms. Despite this, however, crossplay will still remain functional, so you can keep playing with your friends regardless of what platform you’re on. Patch Notes: Quality of Life: * Added several new keybinding op"
2026-09-28T10:10:06+00:00,892970,1843481262704621,2026-09-15T09:00:00+00:00,SteamDB,Steam Global Top Sellers for week of 8 Sep — 15 September 2026,https://steamstore-a.akamaihd.net/news/externalpost/SteamDB/1843481262704621,"<a href=""https://steamdb.info/topsellers/2026W38/?utm_source=Steam&utm_medium=Steam&utm_campaign=SteamRSS""> </a> * <a href=""https://steamdb.info/app/1867240/charts/?utm_source=Steam&utm_medium=Steam&utm_campaign=SteamRSS"">WARDOGS</a>; * <a href=""https://steamdb.info/app/3219630/charts/?utm_source=Steam&utm_medium=Steam&utm_campaign=SteamRSS"">Halloween: The Game</a>; * <a href=""https://steamdb.info/app/2406770/charts/?utm_source=Steam&utm_medium=Steam&utm_campaign=SteamRSS"">Bodycam</a>; * <a href"
2026-09-28T10:10:06+00:00,892970,1843481262695240,2026-09-11T13:09:02+00:00,Community Announcements,Hotfix 1.0.10 & 1.0.12,https://steamstore-a.akamaihd.net/news/externalpost/steam_community_announcements/1843481262695240,"Hello vikings! We’ve got some hotfixes ready for you today, to facilitate your adventures in the tenth world. This includes a bunch of new sounds for the Deep North, and that you can now actually repair your endgame heavy armour. Phew! We do also have some Steam specific fixes, which will arrive to all other platforms shortly as well. But not to worry – even though the fixes are Steam specific, crossplay between all platforms is still fully supported. The fixes include a function to let you opt "
2026-09-28T10:10:06+00:00,892970,1843481262689947,2026-09-09T17:14:46+00:00,PlayGround.ru - официальная группа,"Студия-разработчик Palworld назвала Valheim ""источником вдохновения для всех в жанре"" после выхода обновления 1.0",https://steamstore-a.akamaihd.net/news/externalpost/PlayGround.ru - официальная группа/1843481262689947,"Настоящий столп жанра игр на выживание - Valheim - наконец-то перешел в версию 1.0. Несмотря на то, что эта «песочница» в сеттинге викингов вышла пять лет назад и всё это время оставалась невероятно популярной, лишь сегодня она преодолела этот важный рубеж - и даже создатели Palworld решили поздравить коллег. Студия Pocketpair, разработавшая Palworld, опубликовала в официальном аккаунте игры поздравление для команды Iron Gate Studio по случаю этого знаменательного события. Поздравляем Iron Gate "
2026-09-28T10:10:06+00:00,892970,1843481262689107,2026-09-09T13:46:19+00:00,GamingOnLinux,Viking afterlife open-world survival game Valheim 1.0 is finally here,https://steamstore-a.akamaihd.net/news/externalpost/GamingOnLinux/1843481262689107,"After ~5 years in Early Access, the viking inspired open-world survival game Valheim has now officially launched with the new Deep North biome to finish it up. Read the full article here: https://www.gamingonlinux.com/2026/09/viking-afterlife-open-world-survival-game-valheim-1-0-is-finally-here/"
2026-09-28T10:10:06+00:00,892970,1843481262689751,2026-09-09T13:06:41+00:00,PlayGround.ru - официальная группа,"Valheim вышла из раннего доступа спустя 5,5 лет - игра продалась тиражом более 17 миллионов копий",https://steamstore-a.akamaihd.net/news/externalpost/PlayGround.ru - официальная группа/1843481262689751,"Спустя более пяти с половиной лет после старта в раннем доступе Valheim официально получила версию 1.0. Игра от Iron Gate и Coffee Stain теперь доступна на PC, PlayStation, Xbox, Nintendo Switch 2, Linux и Mac, а благодаря кроссплатформенной игре владельцы разных платформ могут отправляться на выживание вместе. К этому моменту продажи Valheim превысили 17 миллионов копий. Главным нововведением версии 1.0 стал финальный регион «Глубокий Север» — самая суровая территория в игре. Это огромная засне"
2026-09-28T10:10:06+00:00,892970,1843481262688942,2026-09-09T12:55:35+00:00,Community Announcements,Valheim 1.0 Has Arrived!,https://steamstore-a.akamaihd.net/news/externalpost/steam_community_announcements/1843481262688942,"The time has come to finally venture into the Deep North and Valheim 1.0. We know you’re most likely just itching to jump into the game, so we will not keep you with needless talk! If you have questions about mods and world saves, please do make sure to check out our 1.0 FAQ, otherwise we would like to show you our brand new launch trailer, and invite you read our patch notes below! Patch Notes – Valheim 1.0 Abbreviated Patch Notes: New Content: * New Biome – Deep North * 40+ New weapons * New b"
2026-09-28T10:10:06+00:00,892970,1841579228664600,2026-08-20T07:03:31+00:00,Community Announcements,Word from the Devs: Almost there…,https://steamstore-a.akamaihd.net/news/externalpost/steam_community_announcements/1841579228664600,"Greetings vikings! We hope you’re having a wonderful summer! We’re currently gearing up for the 1.0 release in September, fixing some final bugs and getting everything ready for you to experience in just a few weeks. We hope you’re as excited as we are! In the meantime, please do make sure you check out our 1.0 FAQ, which covers many of the questions we have been asked about the release. As always, we recommend that you start a new playthrough to get the best possible Valheim experience, but we "
2026-09-28T10:10:06+00:00,892970,1836506165545761,2026-06-24T12:13:07+00:00,Community Announcements,Word From the Devs: See You Soon!,https://steamstore-a.akamaihd.net/news/externalpost/steam_community_announcements/1836506165545761,"Hello vikings! What a month June has been! We were finally able to reveal our 1.0 release date at the PC Gaming Show earlier this month, and we’re delighted that so many of you seem excited for the launch! At last it is official that Valheim 1.0, with Deep North and all, releases on the 9th of September this year, with full crossplay between platforms. If you missed it, or if you just can’t get enough of it, you can watch the trailer right here: We’re very excited for you to be able to experienc"
2026-09-28T10:10:06+00:00,892970,1835236783557552,2026-06-10T13:25:49+00:00,Community Announcements,Tell Us Your Valheim Story!,https://steamstore-a.akamaihd.net/news/externalpost/steam_community_announcements/1835236783557552,"Vikings! As Valheim nears its 1.0 release, we are looking to feature stories of our community members and fans who have played the game. Over the years we’ve heard many stories about players finding new friends, a welcoming community and even love through the game, and we’d love to highlight these tales of kinship and comraderie. Whether you played when the game initially released or you’re playing every week to this day, whether you’ve reunited with your friends through Valheim or found your fu"
2026-09-28T10:10:06+00:00,892970,1834602721198182,2026-06-08T09:00:33+00:00,GamingOnLinux,Valheim 1.0 arrives in September with the Deep North biome,https://steamstore-a.akamaihd.net/news/externalpost/GamingOnLinux/1834602721198182,"Open-world survival game Valheim is officially going to leave Early Access on September 9th, bringing with it a huge update to the game. Read the full article here: https://www.gamingonlinux.com/2026/06/valheim-1-0-arrives-in-september-with-the-deep-north-biome/"
2026-09-28T10:10:06+00:00,892970,1834602721196984,2026-06-07T20:36:49+00:00,Community Announcements,Valheim Has A Release Date!,https://steamstore-a.akamaihd.net/news/externalpost/steam_community_announcements/1834602721196984,"Vikings! For a long time you have asked when we will see the release of the Deep North, and at last we have a date to offer you! Valheim 1.0 will arrive on 9 September, with new enemies to kill, bases to build and weapons to craft. The release will hit PC, Linux, Mac, Xbox One and Xbox Series X|S as per usual, and now we’re also adding PlayStation 5 and Nintendo Switch 2 to the roster. Of course there will be full crossplay between all the platforms, so that you can play with your friends. Thank"
2026-09-28T10:10:06+00:00,892970,1833968530887840,2026-05-28T11:31:06+00:00,Community Announcements,Word From the Devs: Summoning Our Champions!,https://steamstore-a.akamaihd.net/news/externalpost/steam_community_announcements/1833968530887840,"Hello vikings! We would like to start off on a slightly different note this month, where instead of us sharing something with you, we want to ask you to share something with us. We are entering the final stages of development for the Deep North, and for Valheim 1.0, and for that launch to be the best it possibly can be we are in need of your help! There is currently a patch out on the PTB that features a rework of the save system, and we would be eternally grateful if you wanted to switch over t"
2026-09-28T10:10:06+00:00,892970,1832065502808130,2026-05-06T07:45:55+00:00,Community Announcements,Patch 0.221.13 (Public Test),https://steamstore-a.akamaihd.net/news/externalpost/steam_community_announcements/1832065502808130,"⚠️ Note: This update is for the Public Test branch of Valheim only, and may therefore be unstable! Prior to launching this update to the Default version of the game, we want to have a chance to discover bugs and fine-tune the balancing to ensure the best game experience. ACCESS: Right-click Valheim in your Steam library, then select ‘Properties’. In the new window, select ‘Betas’ and type in the code “yesimadebackups”. The Public Test branch should now be available for you to select. The PTB FAQ"
2026-09-28T10:10:06+00:00,892970,1830797770244955,2026-04-28T11:11:18+00:00,Community Announcements,"Word From the Devs: Yeah, That’s A Drawbridge",https://steamstore-a.akamaihd.net/news/externalpost/steam_community_announcements/1830797770244955,"Hello vikings! We began this month of April, as is customary, with a bit of a laugh. Most of you caught on to the fact that it was an April Fools joke, but we do want to make sure to clarify that there is not going to be an additional game mode in Valheim where you can romance all the bosses, as fun as that might have been. Who had the most charming dialogue options? Who had the most romantic ending? We shall never know. We also want to thank the team behind Val-Con for organising their event fo"
2026-09-28T10:10:06+00:00,892970,1827626365768086,2026-03-25T13:08:43+00:00,Community Announcements,Word From the Devs: Winter Adventures,https://steamstore-a.akamaihd.net/news/externalpost/steam_community_announcements/1827626365768086,"Hello Vikings! While the story of Hervor Bloodtooth has come to an end, the same cannot be said for the Deep North. We continue to work away on crafting the biome, and today we want to show you a couple of different wintery snippets of what to expect, before spring is properly upon us! First out, we want to show perhaps one of our most Swedish aspects of the biome – the lingonberries. They can be found and harvested in the woods, and used in several of the biome’s food recipes. Got any guesses a"
2026-09-28T10:10:06+00:00,892970,1825727806704633,2026-02-25T12:42:13+00:00,Community Announcements,Word From the Devs: Looking to the Future,https://steamstore-a.akamaihd.net/news/externalpost/steam_community_announcements/1825727806704633,"Hello Vikings! First of all, thank you for all the kind messages during our five year anniversary earlier this month. We wouldn’t be here without all of you! You might also have noticed that we announced that Valheim is coming to Nintendo Switch 2 later this year! We’re really excited for this, and as usual we’re very thankful to have Piktiv helping us out with the port. Please note that the release will only be for Nintendo Switch 2, and not for the first Nintendo Switch console. More informati"
2026-09-28T10:10:06+00:00,892970,1825093633184197,2026-02-19T08:09:28+00:00,Community Announcements,Patch 0.221.12,https://steamstore-a.akamaihd.net/news/externalpost/steam_community_announcements/1825093633184197,"We've got a couple of fixes for you today! Please also note that playing using Vulkan might currently cause Valheim to be unstable and/or crash. If you want to continue using Vulkan, you can disable the FPS limiters in e.g. the Nvidia Control Panel for a hopefully smoother experience. Rest assured that we're working on a solution for the Vulkan issue, however, and that it should hopefully be back to normal soon! Patch Notes: * Added release-to-select in the radial menu: If you continue holding d"
2026-09-28T10:10:06+00:00,1245620,1843481262688771,2026-09-09T11:00:00+00:00,"Rock, Paper, Shotgun","FromSoftware's first experiment with, of all things, horse armor DLC runs awry, as Elden Ring players manage to spawn free duplicate items in multiplayer","https://steamstore-a.akamaihd.net/news/externalpost/Rock, Paper, Shotgun/1843481262688771","From Software and Bandai Namco have released a hasty new <a href=""https://www.rockpapershotgun.com/elden-ring-boss-locations"">Elden Ring</a> patch to stop people getting their hands on items from the game's Tarnished Pack DLC for free. <a href=""https://www.rockpapershotgun.com/fromsoftwares-first-experiment-with-of-all-things-horse-armor-dlc-runs-awry-as-elden-ring-players-manage-to-spawn-free-duplicate-items-in-multiplayer"">Read more</a>"
2026-09-28T10:10:06+00:00,1245620,1842846814452378,2026-09-07T07:25:52+00:00,Community Announcements,"New Elden Ring Mini Replicas Arrive: Malenia, Messmer & Wylder",https://steamstore-a.akamaihd.net/news/externalpost/steam_community_announcements/1842846814452378,"Tarnished, collectors, and champions of the Lands Between, we're excited to unveil a new lineup of premium 1/3 Scale Mini Replicas inspired by some of the most iconic designs from the Elden Ring universe and crafted by Pure Arts. From the legendary Blade of Miquella, to the fearsome Messmer the Impaler, and the indominable warriors of Nightreign, these finely crafted collectibles capture the artistry and atmosphere that have made the Elden Ring universe unforgettable. Elden Ring - Arm of Malenia"
2026-09-28T10:10:06+00:00,1245620,1842846814440454,2026-09-02T14:10:31+00:00,Community Announcements,ELDEN RING - Community Quests,https://steamstore-a.akamaihd.net/news/externalpost/steam_community_announcements/1842846814440454,"In celebration of the recently released ELDEN RING Tarnished Edition for Nintendo Switch and the Tarnished Pack available, we encourage all Tarnished to return to the lands between and rise together in shared quests to unlock new artwork commemorating each challenge. {STEAM_CLAN_IMAGE}/41005067/b95536317f443b30a2e0e3af3c674c7faf8c2705.png Questline 1: Path of the Tarnished Time Period: September 1 - September 28 Summon Sorcerer Rogier 300,000 times Obtain 2,000,000 Stonesword Keys Obtain 1,500,0"
2026-09-28T10:10:06+00:00,1245620,1842212951313418,2026-09-01T09:00:00+00:00,SteamDB,Steam Global Top Sellers for week of 25 Aug — 1 September 2026,https://steamstore-a.akamaihd.net/news/externalpost/SteamDB/1842212951313418,"<a href=""https://steamdb.info/topsellers/2026W36/?utm_source=Steam&utm_medium=Steam&utm_campaign=SteamRSS""> </a> * <a href=""https://steamdb.info/app/2075800/charts/?utm_source=Steam&utm_medium=Steam&utm_campaign=SteamRSS"">STAR WARS Zero Company™</a>; * <a href=""https://steamdb.info/app/4001890/charts/?utm_source=Steam&utm_medium=Steam&utm_campaign=SteamRSS"">How to Fish</a>; * <a href=""https://steamdb.info/app/4356430/charts/?utm_source=Steam&utm_medium=Steam&utm_campaign=SteamRSS"">NBA 2K27</a>; "
2026-09-28T10:10:06+00:00,1245620,1842212951303612,2026-08-28T15:39:42+00:00,Community Announcements,ELDEN RING - Tarnished Pack DLC is available now,https://steamstore-a.akamaihd.net/news/externalpost/steam_community_announcements/1842212951303612,"Go forth, Tarnished, and claim the Elden Throne.The ELDEN RING Tarnished Pack grants additional content including 2 new starting classes, new armor, and a new Torrent appearance customization feature which are usable in the base game and the Shadow of the Erdtree Expansion."
2026-09-28T10:10:06+00:00,1245620,1842212951300120,2026-08-27T14:00:22+00:00,Community Announcements,Patch Notes Version 1.17,https://steamstore-a.akamaihd.net/news/externalpost/steam_community_announcements/1842212951300120,"Patch 1.17 has been released for ELDEN RING. This patch aims to bring support the Tarnished Pack DLC, scheduled for release on Friday, August 28, 2026, and to implement gameplay balance adjustments. Please apply the latest update before playing. MAIN UPDATE ADDITIONS Tarnished Pack Additional Content The following elements will be added upon purchase of the ""Tarnished Pack"" DLC. Added Idus Knight and Heavy Knight as new starting classes, selectable during character creation. Note: The equipment "
2026-09-28T10:10:06+00:00,1245620,1842212951299776,2026-08-27T11:42:18+00:00,PCGamesN,New Elden Ring patch notes bring parry improvements and perfume buffs ahead of the Tarnished Pack DLC,https://steamstore-a.akamaihd.net/news/externalpost/PCGamesN/1842212951299776,"Elden Ring patch notes 1.17 are here, and FromSoftware has brought quite a few balance changes to its open-world RPG epic ahead of new DLC. Read the full story on PCGamesN: <a href=""https://www.pcgamesn.com/elden-ring/patch-notes-1-17-tarnished-pack-dlc"">New Elden Ring patch notes bring parry improvements and perfume buffs ahead of the Tarnished Pack DLC</a>"
2026-09-28T10:10:06+00:00,1245620,1840944183789891,2026-08-18T19:02:00+00:00,Gamemag.ru,Одна из лучших игр поколения — теперь на Nintendo Switch 2: Геймплей Elden Ring: Tarnished Edition в портативном и стационарном режимах,https://steamstore-a.akamaihd.net/news/externalpost/Gamemag.ru/1840944183789891,"В сети появилась девятиминутная геймплейная демонстрация <strong>Elden Ring: Tarnished Edition </strong>для <strong>Nintendo Switch 2</strong>. Видео позволяет оценить гибридную версию хитового ролевого экшена <strong>FromSoftware</strong> как при подключении консоли к телевизору, так и в портативном режиме."
2026-09-28T10:10:06+00:00,1245620,1837955055363607,2026-07-13T01:26:00+00:00,Gamemag.ru,"""Один из главных разработчиков современности"": Отец Tekken Кацухиро Харада похвалил создателя Dark Souls Хидэтаку Миядзаки",https://steamstore-a.akamaihd.net/news/externalpost/Gamemag.ru/1837955055363607,Отец <strong>Tekken Кацухиро Харада</strong> назвал главу <strong>FromSoftware Хидэтаку Миядзаки</strong> одним из самых уникальных авторов японской игровой индустрии.
2026-09-28T10:10:06+00:00,1245620,1836506165549769,2026-06-25T13:56:25+00:00,"Rock, Paper, Shotgun","Despite investors moaning that Elden Ring's success hasn't been milked hard enough financially, FromSoftware parent company's CEO has kept his job","https://steamstore-a.akamaihd.net/news/externalpost/Rock, Paper, Shotgun/1836506165549769","Forget anything that happened to twist <a href=""https://www.rockpapershotgun.com/elden-ring-boss-locations"">Elden Ring</a>'s Lands Between into the shape the Tarnished finds them in during their wander from boss to boss. All of it pales in drama to the corporate battle currently going on behind-the-scenes at FromSoftware's parent company Kadokawa. Their CEO, Takeshi Natsuno, has kept his job at the firm's latest annual meeting, despite ongoing attempts to oust him by an activist investor group w"
2026-09-28T10:10:06+00:00,1245620,1835871199300351,2026-06-17T02:54:00+00:00,Gamemag.ru,Акционеры требуют от FromSoftware больше безопасных проектов и сиквелов — Хидэтака Миядзаки дал ответ,https://steamstore-a.akamaihd.net/news/externalpost/Gamemag.ru/1835871199300351,"Акционеры компании<strong> Kadokawa Corporation</strong> стараются оказать давление на студию<strong> FromSoftware </strong>в надежде, что разработчики под руководством<strong> Хидэтаки Миядзаки </strong>станут чаще выпускать игры в уже известных сериях вместо того, чтобы экспериментировать и инвестировать в новую интеллектуальную собственность. Об этом сообщают японские СМИ."
2026-09-28T10:10:06+00:00,1245620,1834602721191360,2026-06-05T01:34:00+00:00,Gamemag.ru,Официально: Полная версия ELDEN RING нагрянет на Nintendo Switch 2 в августе — игроки с других платформ смогут докупить новый контент,https://steamstore-a.akamaihd.net/news/externalpost/Gamemag.ru/1834602721191360,<strong>FromSoftware</strong> объявила дату выхода<strong> Elden Ring: Tarnished Edition</strong> для <strong>Nintendo Switch 2</strong>. <strong>Самая полная версия знаменитой RPG поступит в продажу 28 августа 2026 года</strong> .
2026-09-28T10:10:06+00:00,1245620,1833968530894248,2026-05-30T20:05:00+00:00,Gamemag.ru,"Дизайнер Tomb Raider: Legacy of Atlantis рассказал, чему все разработчики могут научиться у FromSoftware",https://steamstore-a.akamaihd.net/news/externalpost/Gamemag.ru/1833968530894248,Геймдизайнер <strong>Tomb Raider: Legacy of Atlantis Марцин Матушчик</strong> высказался в пользу более внимательной и продуманной реализации боевой системы и сражений с боссами в современных играх.
2026-09-28T10:10:06+00:00,1245620,1832700592786543,2026-05-13T14:20:38+00:00,Community Announcements,ELDEN RING - RAGING WOLF 1/6 SCALE STATUE,https://steamstore-a.akamaihd.net/news/externalpost/steam_community_announcements/1832700592786543,"Who is the Raging Wolf? Among the first Tarnished to join the Roundtable Hold was Vargram, a warrior of great skill and ferocity. He acquired the title of the Raging Wolf from the white wolf pelt that flowed from his helm. Vargram sought to become the shadow of one of the Empyreans and built his strength relentlessly as he traveled through fallow Limgrave to the golden city of Leyndell. And yet in spite of all his strength, his armor is now worn by another… An unnamed Tarnished now walks the Lan"
2026-09-28T10:10:06+00:00,1245620,1832065502812069,2026-05-07T10:54:14+00:00,"Rock, Paper, Shotgun","Morrowind in Elden Ring mod is now ""mostly playable"", despite the fact its creator's ""entire existence has been consumed with interpreting gibberish code""","https://steamstore-a.akamaihd.net/news/externalpost/Rock, Paper, Shotgun/1832065502812069","Regular RPS readers might remember me writing a couple of times last year about a modder <a href=""https://www.rockpapershotgun.com/morrowind-is-being-ported-into-elden-ring-by-a-modder-complete-with-the-vast-army-of-goats-and-female-clones-vvardenfells-always-had"">kicking off</a> an attempt at porting <a href=""https://www.rockpapershotgun.com/games/the-elder-scrolls-iii-morrowind"">Morrowind</a> into <a href=""https://www.rockpapershotgun.com/elden-ring-boss-locations"">Elden Ring</a>. Their <a hre"
2026-09-28T10:10:06+00:00,1245620,1830163047259363,2026-04-17T08:00:23+00:00,Community Announcements,ELDEN RING: SHADOW OF THE ERDTREE – Official Vinyl Soundtrack,https://steamstore-a.akamaihd.net/news/externalpost/steam_community_announcements/1830163047259363,"Follow in the foosteps of Miquella once more with this exclusive 2 disc vinyl collection, celebrating the sweeping, emotional journey of Shadow of the Erdtree. Presented with the reverence merited by a legendary expansion, this premium set is crafted for collectors, audiophiles, and Tarnished who seek to experience the Realm of Shadow through its music. The Collection Housed in a full color gatefold sleeve and marked with the symbol of Messmer the Impaler, each vinyl disc is pressed on heavyweig"
2026-09-28T10:10:06+00:00,1245620,1828894815562916,2026-04-04T20:27:02+00:00,"Rock, Paper, Shotgun",Have a gander at this cut Elden Ring scene showing a smidge of DLC boss Miquella's past,https://steamstore-a.akamaihd.net/news/externalpost/rps/1828894815562916,"FromSoftware has an obvious penchant for secrets, their games are just littered with them. This is probably best exemplified in <a href=""https://www.rockpapershotgun.com/elden-ring-boss-locations"">Elden Ring</a> for the simple fact that the game is unapproachably massive, you're more than likely to find at least one secret somewhere along the line even just by accident. And four years on, the secrets continue to manifest, albeit on this occasion thanks to known FromSoft dataminer Lance McDonald,"
2026-09-28T10:10:06+00:00,1245620,1826992588602001,2026-03-16T16:15:53+00:00,"Rock, Paper, Shotgun","""We don't reuse enough"": Far Cry 4 director says developers need to stop doing ""pointless work"" and learn lessons from Elden Ring and Like A Dragon",https://steamstore-a.akamaihd.net/news/externalpost/rps/1826992588602001,"No matter how many times you walk through the Like A Dragon series' nearly ever-present stomping ground of Kamurocho, odds are you'll never get sick of seeing its streets and alleyways. RGG Studio are among many studios - <a href=""https://www.rockpapershotgun.com/elden-ring-boss-locations"">Elden Ring</a> developers Fromsoftware included - who've seen their creative asset reuse widely praised in recent years. While they're far from the first to master leaning on previous bits of design top help s"
2026-09-28T10:10:06+00:00,1245620,1823191198601680,2026-01-29T09:00:43+00:00,Community Announcements,Discover the ELDEN RING Blaidd The Half-Wolf Lamp,https://steamstore-a.akamaihd.net/news/externalpost/steam_community_announcements/1823191198601680,"Summon the legendary warrior into your world with the Blaidd The Half-Wolf Lamp, a handcrafted, LED-powered tribute to one of ELDEN RING’s most iconic character. Designed for collectors, lore enthusiasts, and Tarnished alike, this unique night lamp captures the tragic loyalty and silent strength of Blaidd, Shadow of Ranni. {STEAM_CLAN_IMAGE}/41005067/f822f66531c2bfa7908cc07697961ca37794b870.png The lamp features an LED-illuminated base that reveals glowing rune symbols beneath Blaidd’s feet, evo"
2026-09-28T10:10:06+00:00,1245620,1819386365104358,2025-12-23T09:00:00+00:00,SteamDB,Steam Global Top Sellers for week of 16 Dec — 23 December 2025,https://steamstore-a.akamaihd.net/news/externalpost/SteamDB/1819386365104358,"<a href=""https://steamdb.info/topsellers/2025W52/?utm_source=Steam&utm_medium=Steam&utm_campaign=SteamRSS""> </a> * <a href=""https://steamdb.info/app/1808500/charts/?utm_source=Steam&utm_medium=Steam&utm_campaign=SteamRSS"">ARC Raiders</a>; * <a href=""https://steamdb.info/app/1675200/charts/?utm_source=Steam&utm_medium=Steam&utm_campaign=SteamRSS"">Steam Deck</a>; * <a href=""https://steamdb.info/app/1903340/charts/?utm_source=Steam&utm_medium=Steam&utm_campaign=SteamRSS"">Clair Obscur: Expedition 33"
2026-09-28T10:10:06+00:00,271590,1844751498225355,2026-09-25T17:00:00+00:00,PC Gamer,I made the hot dog vendors in GTA 5 work because Rockstar never did,https://steamstore-a.akamaihd.net/news/externalpost/PC Gamer/1844751498225355,"I have filled a yawning void in the soul of Los Santos. I have returned the heart to a heartless world. I am a teacher, a healer, a gardener of human happiness. My efforts have ensured the general flourishing of society and the wellbeing of the spaceship Earth... <a href=""https://www.pcgamer.com/games/grand-theft-auto/i-made-the-hot-dog-vendors-in-gta-5-work-because-rockstar-never-did/?utm_source=steam&utm_medium=referral"" target=""_blank"">Read more.</a>"
2026-09-28T10:10:06+00:00,271590,1844751498222202,2026-09-24T17:09:26+00:00,PC Gamer,My greatest GTA 5 challenge yet: Random teleports every 50 seconds,https://steamstore-a.akamaihd.net/news/externalpost/PC Gamer/1844751498222202,"It's the greatest challenge I've yet faced. Not in Grand Theft Auto 5, in life (I was a sheltered child). Forget hit squads, forget running a billion-dollar privacy-invading company, forget bad credit, forget the absence of gravity. My enemy now is space itself, the third dimension. Maybe spacetime. Never been clear on what that is... <a href=""https://www.pcgamer.com/games/grand-theft-auto/my-greatest-gta-5-challenge-yet-random-teleports-every-50-seconds/?utm_source=steam&utm_medium=referral"" ta"
2026-09-28T10:10:06+00:00,271590,1844751498219091,2026-09-23T17:00:00+00:00,PC Gamer,"I put UFO sightings in Grand Theft Auto 5, though it didn't quite go to plan",https://steamstore-a.akamaihd.net/news/externalpost/PC Gamer/1844751498219091,"Every nation has its kooks—excepting of course the Swiss—but there's something utterly American to me about the UFO sighting. It's probably something to do with the sheer size of the place. A tired, potentially hopped-up trucker, trundling across the endless plains of… whatever state has endless plains in it, spying something mysterious and illuminated in the canopy above? That's America to me... <a href=""https://www.pcgamer.com/games/grand-theft-auto/i-put-ufo-sightings-in-grand-theft-auto-5-th"
2026-09-28T10:10:06+00:00,271590,1844115010504933,2026-09-22T17:00:00+00:00,PC Gamer,I modded Crazy Taxi into Grand Theft Auto 5,https://steamstore-a.akamaihd.net/news/externalpost/PC Gamer/1844115010504933,"Have you heard? <a href=""https://www.pcgamer.com/games/racing/as-an-og-crazy-taxi-lover-its-new-remake-might-just-not-be-crazy-enough/"">Crazy Taxi is coming back</a>. As a game, yes (with some rather off-putting <a href=""https://www.pcgamer.com/games/racing/the-new-crazy-taxi-has-a-generative-ai-disclosure-on-its-steam-page-and-people-are-not-happy/"">gen-AI mixed in</a> there), and also as <a href=""https://www.pcgamer.com/movies-tv/segas-ongoing-effort-to-revive-crazy-taxi-now-appears-to-be-taki"
2026-09-28T10:10:06+00:00,271590,1844115010502039,2026-09-21T17:00:00+00:00,PC Gamer,"GTA 5 has true air travel now thanks to the mod I just installed, but they won't let me give me my pals piggybacks onto the plane",https://steamstore-a.akamaihd.net/news/externalpost/PC Gamer/1844115010502039,"It might feel minnowish compared to modern open worlds, but Los Santos is still a schlep to get across. Whether you're on a bike, in a car, or hoofing it on-foot, it takes a while to get from the city itself out to the northernmost boonies. Well, no more... <a href=""https://www.pcgamer.com/games/grand-theft-auto/gta-5-has-true-air-travel-now-thanks-to-the-mod-i-just-installed-but-they-wont-let-me-give-me-my-pals-piggybacks-onto-the-plane/?utm_source=steam&utm_medium=referral"" target=""_blank"">Rea"
2026-09-28T10:10:06+00:00,271590,1844115010501091,2026-09-21T10:46:53+00:00,"Rock, Paper, Shotgun","Ahead of GTA 6, Rockstar warn modders against making unofficial main story expansions, unauthorised ports and mods that combine GTA maps","https://steamstore-a.akamaihd.net/news/externalpost/Rock, Paper, Shotgun/1844115010501091","There still might not yet be a release date for <a href=""https://www.rockpapershotgun.com/games/grand-theft-auto-vi"">GTA 6</a>'s PC port, but Rockstar appear to be preparing for the massive uptick in mods for their games that'll inevitably accompany it. In new modding guidelines posted this month, the studio have expressly warned against a bunch of things modders could do, including building on established storylines from the base game, pulling over bits of older GTAs, and porting the game to pl"
2026-09-28T10:10:06+00:00,271590,1844115010495497,2026-09-18T17:00:00+00:00,PC Gamer,I have modded the most exciting thing possible into GTA 5: Hard and soft credit checks and realistic personal finance,https://steamstore-a.akamaihd.net/news/externalpost/PC Gamer/1844115010495497,"In a previous life, long before I began making millions writing about videogames professionally, I wrote marketing copy for a finance firm I still don't really understand. Do you know the fine art of embedding payment iframes in customer payment gateways? I did. Once. Do you know the riotous history of the SWIFT international banking system? What about SEPA? No? What a sheltered life you must lead... <a href=""https://www.pcgamer.com/games/grand-theft-auto/i-have-modded-the-most-exciting-thing-po"
2026-09-28T10:10:06+00:00,271590,1844115010492758,2026-09-17T17:00:00+00:00,PC Gamer,I have officially made Grand Theft Auto 5 good by turning it into a golf sim,https://steamstore-a.akamaihd.net/news/externalpost/PC Gamer/1844115010492758,"I grew up by a dry riverbed. This was, on the whole, positive, because what a big empty riverbed is good for is setting things on fire, firing air rifles, and walloping golf balls into orbit. Some say they never stopped travelling. They're still out there, somewhere, in the space between the stars... <a href=""https://www.pcgamer.com/games/grand-theft-auto/i-have-officially-made-grand-theft-auto-5-good-by-turning-it-into-a-golf-sim/?utm_source=steam&utm_medium=referral"" target=""_blank"">Read more."
2026-09-28T10:10:06+00:00,271590,1844115010489699,2026-09-16T17:00:00+00:00,PC Gamer,GTA 5's 'Become a celebrity' mod is almost weirdly fully featured,https://steamstore-a.akamaihd.net/news/externalpost/PC Gamer/1844115010489699,"You might have heard that <a href=""https://www.pcgamer.com/games/grand-theft-auto/i-am-mark-zuckerberg/"">I am Mark Zuckerberg</a> now. This is true. Indisputable, even. But something isn't right—wherever he went, Zuckerberg Cool Original was <em>recognised</em>. He was a famous, or infamous man. When I stroll around Los Santos in Grand Theft Auto 5, even as the enormously wealthy owner of its barely-disguised Facebook parody, no one recognises me... <a href=""https://www.pcgamer.com/games/grand-t"
2026-09-28T10:10:06+00:00,271590,1843481262705155,2026-09-15T17:00:00+00:00,PC Gamer,I am Mark Zuckerberg,https://steamstore-a.akamaihd.net/news/externalpost/PC Gamer/1843481262705155,"Let's skip the preamble: I am Mark Zuckerberg now. The original Mark Zuckerberg? Who cares? He's knocked out in a ditch somewhere. Whatever. He's the past; I am the future. Specifically, the future of Mark Zuckerberg, who I am... <a href=""https://www.pcgamer.com/games/grand-theft-auto/i-am-mark-zuckerberg/?utm_source=steam&utm_medium=referral"" target=""_blank"">Read more.</a>"
2026-09-28T10:10:06+00:00,271590,1843481262702592,2026-09-14T17:37:10+00:00,PC Gamer,"Forget GTA 6, I have brought GTA 5 closer to being the true greatest game of all time: Hulk – Ultimate Destruction",https://steamstore-a.akamaihd.net/news/externalpost/PC Gamer/1843481262702592,"Here's some logic for you: Grand Theft Auto 6—fattened on its billions—cannot help but be the greatest game of all time. This I have gathered from the apocalyptic euphoria that surrounds its release. But GTA 6 is not out yet, and the greatest game of all time, currently, is The Incredible Hulk: Ultimate Destruction for the PlayStation 2, original Xbox, and GameCube... <a href=""https://www.pcgamer.com/games/grand-theft-auto/forget-gta-6-i-have-brought-gta-5-closer-to-being-the-true-greatest-game-"
2026-09-28T10:10:06+00:00,271590,1843481262696489,2026-09-11T21:28:13+00:00,PC Gamer,Modder adds 235 destructible Flock cameras to GTA 5 so you can 'do whatever the flock you want' to them,https://steamstore-a.akamaihd.net/news/externalpost/PC Gamer/1843481262696489,"You've no doubt spent dozens of hours in GTA 5 doing millions of dollars of property damage with your fleet of speeding vehicles and arsenal of deadly weapons... <a href=""https://www.pcgamer.com/games/action/modder-adds-235-destructible-flock-cameras-to-gta-5-so-you-can-do-whatever-the-flock-you-want-to-them/?utm_source=steam&utm_medium=referral"" target=""_blank"">Read more.</a>"
2026-09-28T10:10:06+00:00,271590,1843481262692770,2026-09-10T16:28:43+00:00,PCGamesN,A GTA 5 modder has just transformed Los Santos into the ultimate surveillance state,https://steamstore-a.akamaihd.net/news/externalpost/PCGamesN/1843481262692770,"A new GTA 5 mod introduces 235 ALPR cameras across the Los Santos map, inspired by the real-life prevalence of Flock devices in LA County. Read the full story on PCGamesN: <a href=""https://www.pcgamesn.com/grand-theft-auto-v/gta-5-mod-flock-cameras"">A GTA 5 modder has just transformed Los Santos into the ultimate surveillance state</a>"
2026-09-28T10:10:06+00:00,271590,1843481262692369,2026-09-10T14:12:27+00:00,Community Announcements,Compete Across Entrepreneurial Endeavors in the Business Rivalries Event,https://steamstore-a.akamaihd.net/news/externalpost/steam_community_announcements/1843481262692369,"Put your criminal enterprises to work all throughout September during the GTA Online Business Rivalries Event, steering the invisible hand of the free market in your favor with profitable bonuses for Executives, Bikers, Gunrunners, and Nightclub Owners. Seize growth opportunities and corner the market across the next four weeks to earn extra GTA$ and RP while also capturing rare, branded in-game apparel along the way. For those lacking sufficient criminal infrastructure, there's a free business "
2026-09-28T10:10:06+00:00,271590,1842846814447285,2026-09-04T17:00:00+00:00,PC Gamer,I have filled GTA 5 with realistic Los Angeles snow,https://steamstore-a.akamaihd.net/news/externalpost/PC Gamer/1842846814447285,"Okay, two things. First: Los Santos Customs will be taking a hiatus next week, as I spend nine days in a row sleeping and attempting to develop the antibodies to counter whatever exotic German illness it is I acquired at <a href=""https://www.pcgamer.com/gaming-industry/live/news/gamescom-2026-live-hub-the-latest-news-and-previews-from-the-biggest-gaming-event-of-the-year/"">Gamescom 2026</a>... <a href=""https://www.pcgamer.com/games/grand-theft-auto/i-have-filled-gta-5-with-realistic-los-angeles-"
2026-09-28T10:10:06+00:00,271590,1842846814444036,2026-09-03T17:00:00+00:00,PC Gamer,"I installed a mod that adds building interiors to GTA 5, at the low cost of deleting most of the map's exterior",https://steamstore-a.akamaihd.net/news/externalpost/PC Gamer/1842846814444036,"The problem with Grand Theft Auto 5, really, is that its world lacks verisimilitude. Unlike GTA 6, which will be more real than real, a psychosis-inducing perfect recreation of reality that we will be both unable and unwilling to tear ourselves from, Los Santos in GTA 5 is just sort of… stagey. It's a big Hollywood set (of Hollywood), all outside and no inside... <a href=""https://www.pcgamer.com/games/grand-theft-auto/i-installed-a-mod-that-adds-building-interiors-to-gta-5-at-the-low-cost-of-del"
2026-09-28T10:10:06+00:00,271590,1842846814441084,2026-09-02T17:00:00+00:00,PC Gamer,I modded GTA 6 leak-accurate car fuelling into GTA 5,https://steamstore-a.akamaihd.net/news/externalpost/PC Gamer/1842846814441084,"We saw many things during Grand Theft Auto 6's <a href=""https://www.pcgamer.com/news/live/grand-theft-auto-6-reveal-live-coverage-breaking-down-the-netflix-extended-look-event/"">weird Netflix reveal</a>, and it's official: GTA is simmy now. The gendarmes will meticulously document your physical appearance, and escaping them will necessitate changing it up. Jason and Lucia will also, the prophets tell us, feel the effects of sleeplessness and bad diet, just like mortals... <a href=""https://www.pc"
2026-09-28T10:10:06+00:00,271590,1842846814441241,2026-09-02T15:30:00+00:00,"Rock, Paper, Shotgun","Rockstar unveil the ""next evolution"" of modded GTA 5 roleplaying, while staying totally mum on when PC pretenders might be able to migrate to their next game","https://steamstore-a.akamaihd.net/news/externalpost/Rock, Paper, Shotgun/1842846814441241","Yep. I know. <a href=""https://www.rockpapershotgun.com/games/grand-theft-auto-vi"">GTA 6</a> is still on the list of <a href=""https://www.rockpapershotgun.com/well-that-extended-look-at-a-crime-sim-currently-without-a-pc-release-date-was-heavier-on-gabagool-than-i-expected"">storied crime games without a PC release date</a>. <a href=""https://www.rockpapershotgun.com/games/grand-theft-auto-v"">GTA 5</a>, though, is out on PC and has long been the place folks who love Rockstar's crime sandboxes so mu"
2026-09-28T10:10:06+00:00,271590,1842846814440113,2026-09-02T10:34:48+00:00,PCGamesN,"GTA RP's ""next evolution"" is coming, and you can grab millions of GTA$ with Twitch Drops",https://steamstore-a.akamaihd.net/news/externalpost/PCGamesN/1842846814440113,"As GTA 6 looms, Rockstar Games is supporting Nopixel V, the latest incarnation of GTA Online roleplay servers, with Twitch Drops rewards. Read the full story on PCGamesN: <a href=""https://www.pcgamesn.com/grand-theft-auto-v/gta-rp-nopixel-v"">GTA RP's ""next evolution"" is coming, and you can grab millions of GTA$ with Twitch Drops</a>"
2026-09-28T10:10:06+00:00,271590,1842846814438695,2026-09-01T22:17:11+00:00,PC Gamer,"The future of GTA roleplaying remains in GTA 5 for now, as Rockstar touts new invite-only Nopixel V RP server",https://steamstore-a.akamaihd.net/news/externalpost/PC Gamer/1842846814438695,"Rockstar <a href=""https://www.rockstargames.com/newswire/article/17857581o753k1/introducing-nopixel-v"" target=""_blank"">announced today</a> that Nopixel V is ""the next evolution of the GTA 5 roleplay community,"" which has led to some head-scratching from casual GTA RP followers (like myself), because Nopixel V isn't something you or I can just jump into and play... <a href=""https://www.pcgamer.com/games/grand-theft-auto/rockstar-touts-new-invite-only-nopixel-v-gta-roleplaying-server-as-the-next-e"
2026-09-28T10:10:06+00:00,1091500,1844751498229711,2026-09-27T18:02:59+00:00,PC Gamer,Kibble & Locust Pizza,https://steamstore-a.akamaihd.net/news/externalpost/PC Gamer/1844751498229711,"Just want to do an enthusiastic PC Gamer shout out to <a href=""https://www.reddit.com/r/cyberpunkgame/comments/1wp3b8l/homemade_kibble_and_locust_pizza/"" target=""_blank"">Villager97liam</a> on the cyberpunkgame subreddit. They painstakingly recreated one of the dystopic foods of R. Talsorian Games' grim future: kibble and locust pizza... <a href=""https://www.pcgamer.com/games/fps/kibble-and-locust-pizza/?utm_source=steam&utm_medium=referral"" target=""_blank"">Read more.</a>"
2026-09-28T10:10:06+00:00,1091500,1844751498228851,2026-09-27T10:02:16+00:00,PlayGround.ru - официальная группа,"CD Projekt потребовалось два года, чтобы разработать битву с боссом ""Химера"" в Phantom Liberty",https://steamstore-a.akamaihd.net/news/externalpost/PlayGround.ru - официальная группа/1844751498228851,"Одна из самых впечатляющих начальных сцен в Cyberpunk 2077: Phantom Liberty — это битва с боссом «Химера», в которой Ви и президент Майерс сражаются с огромным, вдохновлённым «Призраком в доспехах» танком-пауком в недрах объекта баргестов. Эта битва является взрывной кульминацией вступительного акта Phantom Liberty, и CD Projekt недавно рассказала, что потребовалось для создания этой сцены. В официальном подкасте CD Projekt AnsweRED директор игры Phantom Liberty Гейб Аматанджело и креативный дир"
2026-09-28T10:10:06+00:00,1091500,1844751498227728,2026-09-26T17:51:49+00:00,PlayGround.ru - официальная группа,"Квест-директор Cyberpunk 2077 гордится Phantom Liberty, но понимает, что успех DLC не сотрет провальный запуск оригинала",https://steamstore-a.akamaihd.net/news/externalpost/PlayGround.ru - официальная группа/1844751498227728,"Сегодня исполнилось три года дополнению ""Призрачная свобода"" для Cyberpunk 2077. В честь этого квест-директор игры Павел Саско подвел итоги трех лет с момента выхода дополнения, сделав особый акцент на двух вещах - роли технологий в восприятии игры и честном отношении к ее прошлому. По его словам, одним из главных уроков, вынесенных из всей истории Cyberpunk 2077, стало понимание того, что техническое состояние игры заслуживает такого же внимания, как персонажи, квесты и построение мира. Даже са"
2026-09-28T10:10:06+00:00,1091500,1844751498227691,2026-09-26T16:56:58+00:00,"Rock, Paper, Shotgun","Cyberpunk 2077: Phantom Liberty's Chimera tank boss fight was apparently so complex it took two years of ""reiterating over and over"" to get it right","https://steamstore-a.akamaihd.net/news/externalpost/Rock, Paper, Shotgun/1844751498227691","My first thought when I played through the Chimera tank boss fight in <a href=""https://www.rockpapershotgun.com/games/cyberpunk-2077-phantom-liberty"">Cyberpunk 2077: Phantom Liberty</a> was probably something along the lines of, ""wow, this sure looks expensive!"" It's incredibly flashy to start off with, this Ghost in the Shell-esque tank chasing after you in a big set piece moment that ultimately culminates in it unwillingly hunkering down in one spot for your killing convenience. And as it turn"
2026-09-28T10:10:06+00:00,1091500,1844751498227231,2026-09-26T12:54:39+00:00,PlayGround.ru - официальная группа,"CD Projekt RED празднует третью годовщину дополнения ""Призрачная свобода""",https://steamstore-a.akamaihd.net/news/externalpost/PlayGround.ru - официальная группа/1844751498227231,"Официальный аккаунт Cyberpunk 2077 в соцсетях опубликовал пост, посвященный третьей годовщине выхода расширения ""Призрачная свобода"". Разработчики предложили сообществу вместе поднять бокал в баре Heavy Hearts за ""город внутри города"" и всех, с кем игроки встретились по пути. Можете поверить, что прошло уже 3 года с тех пор, как мы впервые ворвались через черный ход в Песий город вместе с Сойкой? Сегодня мы поднимаем бокал в Heavy Hearts. За город внутри города. За старых друзей. За новых, котор"
2026-09-28T10:10:06+00:00,1091500,1844751498227106,2026-09-26T12:00:01+00:00,PC Gamer,It took CD Projekt two years to design Phantom Liberty's Chimera Tank boss fight: 'We were iterating over and over',https://steamstore-a.akamaihd.net/news/externalpost/PC Gamer/1844751498227106,"One of the most striking early sequences in<a href=""https://www.pcgamer.com/cyberpunk-2077-phantom-liberty-review/""> Cyberpunk 2077: Phantom Liberty</a> is its Chimera Tank boss fight, in which V and President Myers battle an enormous, Ghost in the Shell-inspired spider-tank in the bowels of a Barghest facility. The battle forms the explosive culmination of Phantom Liberty's opening act, and CD Projekt recently revealed just what it took to get the sequence where they wanted it... <a href=""https"
2026-09-28T10:10:06+00:00,1091500,1844751498220784,2026-09-24T09:21:28+00:00,PlayGround.ru - официальная группа,Cyberpunk 2077 впервые запустили на iPhone 17 Pro Max - игра работает прямо на смартфоне,https://steamstore-a.akamaihd.net/news/externalpost/PlayGround.ru - официальная группа/1844751498220784,"Энтузиаст впервые продемонстрировал Cyberpunk 2077, запущенную непосредственно на iPhone 17 Pro Max. Экспериментальный проект позволяет запускать Mac-версию игры на iOS с помощью специального слоя совместимости, причем речь идет именно о локальном запуске, а не о трансляции изображения с компьютера или облачного сервиса. Главная особенность эксперимента заключается в том, что разработчику не пришлось переводить Windows-версию Cyberpunk 2077 с x86 на ARM в реальном времени. В 2025 году CD Projekt"
2026-09-28T10:10:06+00:00,1091500,1844115010505160,2026-09-22T18:33:38+00:00,PlayGround.ru - официальная группа,Отрывок из аниме Cyberpunk: Edgerunners 2 показывает стильный и брутальный экшен,https://steamstore-a.akamaihd.net/news/externalpost/PlayGround.ru - официальная группа/1844115010505160,"В отделе маркетинга Netflix решили порадовать поклонников вселенной Cyberpunk 2077 и опубликовали целый фрагмент из грядущего анимационного сериала Cyberpunk: Edgerunners 2. Опубликованный ролик под названием «Cyberpsycho» посвящен одному из ключевых действующих лиц новой истории и демонстрирует фирменный динамичный стиль проекта. Главным героем сцены выступает ветеран криминального мира Найт-Сити по имени Вик Кингсли. В прошлом персонаж был опасным наемником, известным под псевдонимом «Король»,"
2026-09-28T10:10:06+00:00,1091500,1844115010499303,2026-09-19T16:53:24+00:00,PlayGround.ru - официальная группа,"CD Projekt: Найт-Сити создавался как песочница для альтернативной жизни, поэтому игроки так часто сюда возвращаются",https://steamstore-a.akamaihd.net/news/externalpost/PlayGround.ru - официальная группа/1844115010499303,"В новом интервью изданию 80.lv художественные директора CD Projekt RED Якуб Кнапик и Кацпер Непокульчицкий подробно рассказали о том, как создавался Найт-Сити из Cyberpunk 2077. По их словам, город был построен практически целиком вручную - от зданий и рекламных щитов до мусорных контейнеров и отдельных листов бумаги на тротуарах. Процедурные инструменты использовались лишь как отправная точка в ограниченном числе случаев. Один из ключевых моментов интервью - философия, стоящая за созданием горо"
2026-09-28T10:10:06+00:00,1091500,1843481262702433,2026-09-14T15:59:54+00:00,"Rock, Paper, Shotgun","Blizzard say Battle.net isn't looking to fight Steam and Epic for supermassive storefront supremacy, despite recently nabbing The Witcher 3 and Cyberpunk 2077","https://steamstore-a.akamaihd.net/news/externalpost/Rock, Paper, Shotgun/1843481262702433","No siree. We are not trying to fight those big bosses. It's arguably a bit of a weird thing for a publisher with Diablo and <a href=""https://www.rockpapershotgun.com/games/world-of-warcraft"">World of Warcraft</a> in their arsenal to say, but that's the stance Blizzard are sticking to with their storefront Battle.net, even though it now boasts two big CD Projekt Red RPGs. Instead of an unknowably girthy hoard of games, the publishers say <a href=""https://www.rockpapershotgun.com/topics/battlenet"""
2026-09-28T10:10:06+00:00,1091500,1843481262700483,2026-09-14T01:05:50+00:00,PC Gamer,"Cyberpunk 2077 is coming to Battle.net for some reason, and Geralt will be in Diablo 4",https://steamstore-a.akamaihd.net/news/externalpost/PC Gamer/1843481262700483,"Wouldn't it be nice if more of Blizzard's classic games were available on Steam? People could easily play them on their Steam Decks! But no, that's not happening. Instead, we're getting Cyberpunk 2077 on Battle.net... <a href=""https://www.pcgamer.com/games/rpg/cyberpunk-2077-is-coming-to-battle-net-for-some-reason-and-geralt-will-be-in-diablo-4/?utm_source=steam&utm_medium=referral"" target=""_blank"">Read more.</a>"
2026-09-28T10:10:06+00:00,1091500,1842212951314565,2026-09-01T19:05:09+00:00,"Rock, Paper, Shotgun","Cyberpunk 2077 launched when it did because its devs wanted it ""out the door"" says CD Projekt Red CEO, but I wonder if he forgot about that reported mandatory crunch","https://steamstore-a.akamaihd.net/news/externalpost/Rock, Paper, Shotgun/1842212951314565","Look, I know I don't need to tell you how much of a mess <a href=""https://www.rockpapershotgun.com/games/cyberpunk-2077"">Cyberpunk 2077</a>'s launch was. There were <a href=""https://www.rockpapershotgun.com/cyberpunk-2077-reviews-called-it-buggy-but-how-will-it-be-at-launch"">tons of bugs</a>, it <a href=""https://www.rockpapershotgun.com/cyberpunk-2077-the-best-settings-to-improve-your-pcs-performance"">didn't play smoothly</a>, and your saves <a href=""https://www.rockpapershotgun.com/cyberpunk-20"
2026-09-28T10:10:06+00:00,1091500,1840944183785837,2026-08-17T09:55:18+00:00,PCGamesN,Multiplayer Cyberpunk 2077 is close to becoming a reality,https://steamstore-a.akamaihd.net/news/externalpost/PCGamesN/1840944183785837,"Cyberpunk 2077 RP servers could very well be on the horizon as a new multiplayer mod completes a successful semi-open test event. Read the full story on PCGamesN: <a href=""https://www.pcgamesn.com/cyberpunk-2077/multiplayer-cybermp-mod"">Multiplayer Cyberpunk 2077 is close to becoming a reality</a>"
2026-09-28T10:10:06+00:00,1091500,1840944183783627,2026-08-16T02:58:00+00:00,Gamemag.ru,Русской озвучке «Cyberpunk 2077: Призрачная свобода» быть: GamesVoice собрала деньги на дубляж дополнения для ПК,https://steamstore-a.akamaihd.net/news/externalpost/Gamemag.ru/1840944183783627,"Студия <strong>GamesVoice </strong>сообщила, что сбор средств на русскую озвучку дополнения<strong> Phantom Liberty </strong>для «<strong>Cyberpunk 2077: Призрачная свобода</strong>» успешно завершён. Команде потребовалось больше трёх миллионов рублей и теперь она приступает к полноценной работе."
2026-09-28T10:10:06+00:00,1091500,1840310314354123,2026-08-11T09:00:00+00:00,SteamDB,Steam Global Top Sellers for week of 4 Aug — 11 August 2026,https://steamstore-a.akamaihd.net/news/externalpost/SteamDB/1840310314354123,"<a href=""https://steamdb.info/topsellers/2026W33/?utm_source=Steam&utm_medium=Steam&utm_campaign=SteamRSS""> </a> * <a href=""https://steamdb.info/app/1478500/charts/?utm_source=Steam&utm_medium=Steam&utm_campaign=SteamRSS"">Big Walk</a>; * <a href=""https://steamdb.info/app/3787240/charts/?utm_source=Steam&utm_medium=Steam&utm_campaign=SteamRSS"">MARVEL Tōkon: Fighting Souls</a>; * <a href=""https://steamdb.info/app/1091500/charts/?utm_source=Steam&utm_medium=Steam&utm_campaign=SteamRSS"">Cyberpunk 20"
2026-09-28T10:10:06+00:00,1091500,1839676055897393,2026-08-04T09:00:00+00:00,SteamDB,Steam Global Top Sellers for week of 28 Jul — 4 August 2026,https://steamstore-a.akamaihd.net/news/externalpost/SteamDB/1839676055897393,"<a href=""https://steamdb.info/topsellers/2026W32/?utm_source=Steam&utm_medium=Steam&utm_campaign=SteamRSS""> </a> * <a href=""https://steamdb.info/app/3282300/charts/?utm_source=Steam&utm_medium=Steam&utm_campaign=SteamRSS"">Mistfall Hunter</a>; * <a href=""https://steamdb.info/app/1091500/charts/?utm_source=Steam&utm_medium=Steam&utm_campaign=SteamRSS"">Cyberpunk 2077</a>; * <a href=""https://steamdb.info/app/2806050/charts/?utm_source=Steam&utm_medium=Steam&utm_campaign=SteamRSS"">Halo: Campaign Evol"
2026-09-28T10:10:06+00:00,1091500,1839676055888333,2026-07-31T13:09:08+00:00,PCGamesN,"Cyberpunk 2077 in 2026: still alive, and still iconic",https://steamstore-a.akamaihd.net/news/externalpost/PCGamesN/1839676055888333,"From a rocky launch to one of the most quintessential RPGs ever made: I asked CDPR why you should play the iconic Cyberpunk 2077 in 2026. Read the full story on PCGamesN: <a href=""https://www.pcgamesn.com/cyberpunk-2077/state-of-the-game-2026"">Cyberpunk 2077 in 2026: still alive, and still iconic</a>"
2026-09-28T10:10:06+00:00,1091500,1839676055884593,2026-07-30T01:10:00+00:00,Gamemag.ru,Слух: Авторы Shantae и River City Girls работают над новой 2D-игрой во вселенной Cyberpunk 2077,https://steamstore-a.akamaihd.net/news/externalpost/Gamemag.ru/1839676055884593,"Похоже, независимая студия <strong>WayForward</strong>, известная по серии<strong> Shantae</strong> и битемапу <strong>River City Girls</strong>, объединила усилия с польской компанией <strong>CD Projekt RED</strong> для разработки <strong>нового проекта во вселенной Cyberpunk 2077</strong>."
2026-09-28T10:10:06+00:00,1091500,1837955055366147,2026-07-14T09:00:00+00:00,SteamDB,Steam Global Top Sellers for week of 7 Jul — 14 July 2026,https://steamstore-a.akamaihd.net/news/externalpost/SteamDB/1837955055366147,"<a href=""https://steamdb.info/topsellers/2026W29/?utm_source=Steam&utm_medium=Steam&utm_campaign=SteamRSS""> </a> * <a href=""https://steamdb.info/app/3751950/charts/?utm_source=Steam&utm_medium=Steam&utm_campaign=SteamRSS"">Assassin's Creed Black Flag Resynced</a>; * <a href=""https://steamdb.info/app/1623730/charts/?utm_source=Steam&utm_medium=Steam&utm_campaign=SteamRSS"">Palworld</a>; * <a href=""https://steamdb.info/app/881020/charts/?utm_source=Steam&utm_medium=Steam&utm_campaign=SteamRSS"">Granb"
2026-09-28T10:10:06+00:00,1091500,1836506165578721,2026-07-07T17:58:49+00:00,"Rock, Paper, Shotgun","Cyberpunk Edgerunners' Lucy finds herself in yet another crossover, this time in an upcoming Apex Legends event","https://steamstore-a.akamaihd.net/news/externalpost/Rock, Paper, Shotgun/1836506165578721","Crikey, they sure do love putting Miss Lucy Cyberpunk in other games, don't they? First <a href=""https://www.youtube.com/watch?v=hi76aA61PQQ"">Guilty Gear Strive</a>, then <a href=""https://www.youtube.com/watch?v=1oEiFX1iASA"">Wuthering Waves</a>, and now the Cyberpunk Edgerunners characters is finding a facsimile of her visage transposed onto another's body as a skin in <a href=""https://www.rockpapershotgun.com/games/apex-legends"">Apex Legends</a>. In fact, there's a whole Cyberpunk crossover com"
2026-09-28T10:10:06+00:00,553850,1844751498224310,2026-09-25T12:01:01+00:00,Community Announcements,Launching Devoid of Liberty: A Look Back,https://steamstore-a.akamaihd.net/news/externalpost/steam_community_announcements/1844751498224310,"From the desk of our Creative Director, Mikael ErikssonHelldivers,The Void has been pierced and the Illuminate's latest shenanigans have been decisively dealt with! Well done! The Devoid of Liberty launch has run its course and history has been written. Before we dive into whatever comes next, I wanted to take a moment and talk about how I personally think this update landed. What We Were Going ForI consider Devoid of Liberty to be a ‘vertical slice’ of what we want this game to be every week. N"
2026-09-28T10:10:06+00:00,553850,1844751498220713,2026-09-24T09:00:23+00:00,Community Announcements,Devoid of Liberty: 7.1.1,https://steamstore-a.akamaihd.net/news/externalpost/steam_community_announcements/1844751498220713,"Hotfix aimed at resolving some crashes for players when using terminals, or users with superwide windows.🔧 FixesCrash FixesFixed crash that could occur in Fullscreen when opening terminals. Fixed crash that could occur with superwide windows. 🧠 Known Issues"
2026-09-28T10:10:06+00:00,553850,1844115010504613,2026-09-22T15:29:46+00:00,PlayGround.ru - официальная группа,"Вышел новый трейлер Helldivers 2, демонстрирующий танк TD-110 Maelstrom",https://steamstore-a.akamaihd.net/news/externalpost/PlayGround.ru - официальная группа/1844115010504613,"Студия Arrowhead Game Studios выпустила новый трейлер Helldivers 2, представив новую боевую машину для этого кооперативного шутера — танк TD-110 Maelstrom. Ролик оформлен как рекламный материал внутриигровой компании X-UDE; закадровый голос рассказывает о характеристиках и преимуществах новинки. У нас в X-UDE лишь одна мечта: высокая прибыль и возможность личной защиты для каждого. Ведь любой гражданин Супер-Земли имеет право защитить свою семью, не жертвуя при этом комфортом, который дарует Упр"
2026-09-28T10:10:06+00:00,553850,1844115010503588,2026-09-22T09:00:27+00:00,Community Announcements,Devoid of Liberty: 7.1.0,https://steamstore-a.akamaihd.net/news/externalpost/steam_community_announcements/1844115010503588,"*** INCOMING TRANSMISSION FROM SUPER EARTH HIGH COMMAND *** 🤝 Community Feedback Changes Enemies will no longer target unoccupied vehicles The career stats now correctly tracks kills from mines, vehicles, drones and backpacks Players can no longer get stuck in a state where they are unable to be reinforced even after another player throws a reinforcement stratagem or the whole squad dies. This was rare but could happen under poor network conditions Fixed issue that caused Ice Plant hazard, found"
2026-09-28T10:10:06+00:00,553850,1844115010497352,2026-09-19T02:48:00+00:00,Gamemag.ru,"Звезда ""Ричера"" Алан Ричсон может сыграть главную роль в экранизации Helldivers от Sony",https://steamstore-a.akamaihd.net/news/externalpost/Gamemag.ru/1844115010497352,"Как сообщает <strong>Variety</strong>, <strong>Алан Ричсон</strong>, звезда ""<strong>Ричера</strong>"", ""<strong>Кровавой езды</strong>"" и недавнего научно-фантастического боевика ""<strong>Военная машина</strong>"", ведет переговоры об участии в экранизации <strong><a href=""https://gamemag.ru/reviews/helldivers-2-review-pc"">игры Helldivers</a> </strong>от<strong> PlayStation Productions</strong> и <strong>Sony Pictures</strong>. Постановщиком ленты назначен <strong>Джастин Лин</strong>, известный "
2026-09-28T10:10:06+00:00,553850,1844115010491637,2026-09-17T09:03:28+00:00,"Rock, Paper, Shotgun","Helldivers 2 and Horizon Forbidden West delisted from Steam in the UK, Sony say they're ""working with Valve to address the issue""","https://steamstore-a.akamaihd.net/news/externalpost/Rock, Paper, Shotgun/1844115010491637","<a href=""https://www.rockpapershotgun.com/games/helldivers-2"">Helldivers 2</a> and <a href=""https://www.rockpapershotgun.com/games/horizon-forbidden-west"">Horizon Forbidden West</a> have disappeared from the Steam store in the UK, something that's happened rather out of nowhere and looks like it might've even taken publishers PlayStation by surprise. Said publishers have issued a statement noting that they've already reached out to Valve to get the games back up. <a href=""https://www.rockpapersh"
2026-09-28T10:10:06+00:00,553850,1843481262704549,2026-09-15T13:10:29+00:00,Community Announcements,Let shockwaves of Freedom roll across the battlefield with Ironclad Democracy!,https://steamstore-a.akamaihd.net/news/externalpost/steam_community_announcements/1843481262704549,"Official transmission: Super Earth High Command.FAO: All active units and potential new recruits.Helldivers, the quickest route from tyranny to Liberty is one straight line of righteous operational advancement.And today you have been granted clearance to forge a path clean through anti-Democratic resistance in your own creative way, armed with the brand-new Ironclad Democracy Warbond*.Explosive. Decisive. Definitive. The latest technological advancements in battlefield problem-solving and innova"
2026-09-28T10:10:06+00:00,553850,1842846814443227,2026-09-03T13:02:47+00:00,Community Announcements,Behind the scenes: The Hive Lord,https://steamstore-a.akamaihd.net/news/externalpost/steam_community_announcements/1842846814443227,"The Origin of the Hive LordHello there! It is I, Niklas Malmborg, Design Director for Helldivers 2.Let’s talk about our old friend: the Hive Lord! And we can start with what he was back in the first game. During the development of the original HELLDIVERS, we really liked the idea of a bossfight that was massive and fit the faction. The Terminids are a subterranean species, so a giant tunneling creature fits and has a certain nerdy allure to it for unrelated reasons.Being an important but so far "
2026-09-28T10:10:06+00:00,553850,1841579228677702,2026-08-25T09:01:09+00:00,Community Announcements,Devoid of Liberty: 7.0.2,https://steamstore-a.akamaihd.net/news/externalpost/steam_community_announcements/1841579228677702,"Attention Helldivers, Captain Morris here, deploying a small update this fine Tuesday. Due to the combined efforts of SEAF and Helldiver forces on Seasse, the Void has been temporarily pierced. This has bought Super Earth precious time to tweak and tighten their technical arsenal for continued success in the Galactic War.Dive on, democracy awaits! 🔧 FixesCrash FixesFixed a crash that could occur while browsing the Vehicle Customization menu Fixed a Dynamic Resolution Scaling crashFixed several i"
2026-09-28T10:10:06+00:00,553850,1841579228678339,2026-08-25T09:00:00+00:00,SteamDB,Steam Global Top Sellers for week of 18 Aug — 25 August 2026,https://steamstore-a.akamaihd.net/news/externalpost/SteamDB/1841579228678339,"<a href=""https://steamdb.info/topsellers/2026W35/?utm_source=Steam&utm_medium=Steam&utm_campaign=SteamRSS""> </a> * <a href=""https://steamdb.info/app/4001890/charts/?utm_source=Steam&utm_medium=Steam&utm_campaign=SteamRSS"">How to Fish</a>; * <a href=""https://steamdb.info/app/4435490/charts/?utm_source=Steam&utm_medium=Steam&utm_campaign=SteamRSS"">Call of Duty®: Modern Warfare® 4</a>; * <a href=""https://steamdb.info/app/2584270/charts/?utm_source=Steam&utm_medium=Steam&utm_campaign=SteamRSS"">Morta"
2026-09-28T10:10:06+00:00,553850,1841579228677355,2026-08-24T19:10:00+00:00,Gamemag.ru,Сервисный хит Sony: Аудитория Helldivers 2 достигла 23 миллионов человек,https://steamstore-a.akamaihd.net/news/externalpost/Gamemag.ru/1841579228677355,"<strong>Sony Interactive Entertainment </strong>официально сообщила, что аудитория <strong>Helldivers 2</strong> достигла<strong> 22,9 миллиона человек</strong>. Компания привлекла к своему проекту внимание множества игроков на всех платформах с момента запуска в 2024 году."
2026-09-28T10:10:06+00:00,553850,1840944183788638,2026-08-18T12:09:58+00:00,Community Announcements,Helldivers 2: A deep dive into the Illuminate Void,https://steamstore-a.akamaihd.net/news/externalpost/steam_community_announcements/1840944183788638,"Helldivers, we have entered the unknown at last to face the unthinkable. Our elite peacekeepers are looking into the corruption and shining Liberty’s light onto the heart of darkness. The Gateway is constructed and we have crossed into the new frontier. The Illuminate may have broken through but Super Earth will push back. Now is the time to mount the counteroffensive! You must work together to destroy their unnatural mutations in the name of Managed Democracy.The Gateway is now openDuring the ‘"
2026-09-28T10:10:06+00:00,553850,1840944183788820,2026-08-18T09:00:00+00:00,SteamDB,Steam Global Top Sellers for week of 11 Aug — 18 August 2026,https://steamstore-a.akamaihd.net/news/externalpost/SteamDB/1840944183788820,"<a href=""https://steamdb.info/topsellers/2026W34/?utm_source=Steam&utm_medium=Steam&utm_campaign=SteamRSS""> </a> * <a href=""https://steamdb.info/app/4115450/charts/?utm_source=Steam&utm_medium=Steam&utm_campaign=SteamRSS"">Phantom Blade Zero</a>; * <a href=""https://steamdb.info/app/553850/charts/?utm_source=Steam&utm_medium=Steam&utm_campaign=SteamRSS"">HELLDIVERS™ 2</a>; * <a href=""https://steamdb.info/app/3079210/charts/?utm_source=Steam&utm_medium=Steam&utm_campaign=SteamRSS"">Hell Let Loose: Vi"
2026-09-28T10:10:06+00:00,553850,1840944183785447,2026-08-17T08:59:59+00:00,Community Announcements,Devoid of Liberty: 7.0.1,https://steamstore-a.akamaihd.net/news/externalpost/steam_community_announcements/1840944183785447,"Attention Blueberry-Hugging Helldivers,The Void is proving a worthy challenge. As the brave Helldivers–fueled by unwavering patriotism–charge headlong into the Illuminate's newest nightmares, Super Earth’s engineers have been working around the clock to iron out a few wrinkles in your fight for Liberty.🔧 Fixes Crash FixesFixed a crash that could occur in Fullscreen when opening terminalsFixed a crash that could occur with superwide windows Weapons & Stratagem FixesFixed an issue with the UI not "
2026-09-28T10:10:06+00:00,553850,1840944183773828,2026-08-12T12:05:35+00:00,Community Announcements,HELLDIVERS 2 Devoid of Liberty Update Out Now,https://steamstore-a.akamaihd.net/news/externalpost/steam_community_announcements/1840944183773828,"We have watched the Void stretch across the galaxy for too long. The threat posed to our Liberty is too great and we can no longer stand by as the Illuminate gain ground. Helldivers, you are needed on the battlefield of a new frontier–one more wild and uncertain than any we have faced prior. We must venture into their haunted abyss, the Void, and liberate it back into Super Earth’s control.Journey to the VoidGetting into the Void presents a unique challenge. High Command has ordered reconnaissan"
2026-09-28T10:10:06+00:00,553850,1840944183773413,2026-08-12T09:01:30+00:00,Community Announcements,Devoid of Liberty: 7.0.0,https://steamstore-a.akamaihd.net/news/externalpost/steam_community_announcements/1840944183773413,"I'm your host, Release Captain Morris. When humanity is at stake, we bring you this update from Super Earth High Command to further your efforts in the war.*** INCOMING TRANSMISSION FROM SUPER EARTH HIGH COMMAND ***Helldivers, you are needed on the battlefield of a new frontier–one more wild and uncertain than any we have faced prior. We are so close to entering the Void. Stay frosty, divers. As you fight your way toward the Void, you’ll encounter new, hideously mutated organisms. We have receiv"
2026-09-28T10:10:06+00:00,553850,1840310314341623,2026-08-06T12:01:00+00:00,Community Announcements,HELLDIVERS 2 Is Raising the Level Cap to 300,https://steamstore-a.akamaihd.net/news/externalpost/steam_community_announcements/1840310314341623,"Attention, Helldivers. Super Earth has authorized a new tier of service, and it's a big one: the level cap is jumping from 150 all the way to 300.If you are already sore from the democratic path to 150, take a breath before you panic, this update comes with some genuinely great news for anyone who's already put in the hours.A Quick History of the CapLaunch cap: Level 50April 2024: Tripled to level 150Now: Doubling again to level 300Each time the cap has risen, it's been paired with new titles, r"
2026-09-28T10:10:06+00:00,553850,1840310314339098,2026-08-05T11:17:25+00:00,"Rock, Paper, Shotgun","EA’s Saudi takeover will be ""a real waste"" if it turns the publishers into a ""sequel-and-mega-franchise machine"", Helldivers 2 studio boss says",https://steamstore-a.akamaihd.net/news/externalpost/rps/1840310314339098,"Well, it's happened. EA's <a href=""https://www.rockpapershotgun.com/saudi-arabias-55-billion-ea-buyout-approved-by-the-european-commission-who-say-it-doesnt-raise-competition-concerns"">thumbs up from the European Commission</a>, the <a href=""https://www.rockpapershotgun.com/ea-are-about-to-be-bought-for-50-billion-by-saudi-arabia-and-jared-kushners-investment-firms-claims-report"">$55 billion leveraged buyout</a> by Saudi Arabia, Silver Lake and Jared Kushner-founded investment firm Affinity Part"
2026-09-28T10:10:06+00:00,553850,1839676055886658,2026-07-30T18:21:36+00:00,Gamemag.ru,"Гвардия умрёт за Суперземлю: Кроссовер Helldivers 2 и Warhammer 40,000 стартует в августе",https://steamstore-a.akamaihd.net/news/externalpost/Gamemag.ru/1839676055886658,"<strong>Arrowhead Game Studios</strong> опубликовала трейлер нового обновления <strong>Helldivers 2.</strong> Видео посвящено кроссоверу с <strong>Warhammer 40,000</strong>."
2026-09-28T10:10:06+00:00,553850,1839676055885014,2026-07-30T12:00:39+00:00,Community Announcements,"HELLDIVERS™ 2 x Warhammer 40,000 Legendary Warbond arrives August 12th",https://steamstore-a.akamaihd.net/news/externalpost/steam_community_announcements/1839676055885014,"The wait is over.Today, the Ministry of Defense Research & Development has unveiled the latest tactical solutions and implements of Freedom for Super Earth’s finest to repel hostile entities from across the galaxy.Helldivers, High Command is delighted to invite you to access the new HELLDIVERS™ 2 x Warhammer 40,000: Castellan’s Creed Legendary Warbond.*Inspired by one of the Astra Militarum’s most elite regiments – the Cadian Kasrkin – this deployment of advanced firearms, armor, patterns and mo"
2026-09-28T10:10:06+00:00,1623730,1844751498230596,2026-09-28T05:38:15+00:00,PlayGround.ru - официальная группа,Palworld неожиданно для самих создателей стала самым высоко оценённым релизом 2026 года в Steam,https://steamstore-a.akamaihd.net/news/externalpost/PlayGround.ru - официальная группа/1844751498230596,"Palworld неожиданно для самой Pocketpair стала самым высоко оценённым релизом 2026 года в Steam по данным Steam250. Руководитель издательского направления и коммуникаций компании Джон «Бакки» Бакли назвал этот результат «ничем иным, как чудом», отдельно поблагодарив игроков за реакцию на версию 1.0. После выхода масштабного обновления Palworld продолжила удерживать высокие позиции по популярности в Steam. При этом Steam250 сейчас ставит игру выше других релизов 2026 года по пользовательским оцен"
2026-09-28T10:10:06+00:00,1623730,1844751498224251,2026-09-25T11:41:18+00:00,Community Announcements,Palworld × RuneScape: Dragonwilds Steam Bundle is Out Now!,https://steamstore-a.akamaihd.net/news/externalpost/steam_community_announcements/1844751498224251,"We are thrilled to announce that the Palworld × RuneScape: Dragonwilds Steam Bundle is now officially available!You can now grab both of these unique open-world survival craft games at a 10% OFF discount!If you already own Palworld, you can still use this bundle to purchase RuneScape: Dragonwilds at the discounted price!"
2026-09-28T10:10:06+00:00,1623730,1843481262703464,2026-09-15T03:03:47+00:00,Community Announcements,v1.0.5: Bug fixes,https://steamstore-a.akamaihd.net/news/externalpost/steam_community_announcements/1843481262703464,"▼Bug Fixes・Fixed an issue where terrain, building, and other textures could load at significantly reduced resolution for some players・Fixed an issue where some map icon filters could unintentionally be turned off after the player respawned"
2026-09-28T10:10:06+00:00,1623730,1843481262693002,2026-09-10T17:22:59+00:00,PC Gamer,Palworld publishing chief worries early access has 'lost its meaning' as the rise of 'hyper-casual' gaming culture means people often don't understand what they're getting into,https://steamstore-a.akamaihd.net/news/externalpost/PC Gamer/1843481262693002,"Early access on Steam is a simple concept. You buy a game before it's finished, provide bug reports and feedback to developers, and help shape a project's direction and ambitions. Everybody wins: You get to play the game early, and developers earn money that helps them continue and finish their work. It's been a boon for numerous notable games over the years, including <a href=""https://www.pcgamer.com/baldur-s-gate-3/"" target=""_blank"">Baldur's Gate 3</a> and <a href=""https://www.pcgamer.com/palw"
2026-09-28T10:10:06+00:00,1623730,1842846814452062,2026-09-07T03:04:45+00:00,Community Announcements,v1.0.4: Balance Adjustments & Bug Fixes,https://steamstore-a.akamaihd.net/news/externalpost/steam_community_announcements/1842846814452062,Palworld version v1.0.4 has been released! ＝＝＝ ▼New Missions ・Added the sub-missions “Beyond Dimensions” and “From the Far Side of the Moon.” “Beyond Dimensions” can be accepted from an NPC at Fisherman’s Point in Mount Obsidian. “From the Far Side of the Moon” can be progressed after clearing “Beyond Dimensions.” ▼Pals and Skills ・Adjusted summoned Pals and Base Pals to prioritize skills expected to deal higher damage ・Adjusted behavior when Base Pals use charging-type skills ・Mission target Pa
2026-09-28T10:10:06+00:00,1623730,1842212951313335,2026-09-01T13:00:38+00:00,Community Announcements,Palworld Global Popularity Poll 2026 is LIVE!,https://steamstore-a.akamaihd.net/news/externalpost/steam_community_announcements/1842212951313335,"Pal Tamers！The time has come to decide who stands at the top of the Palpagos Islands. Voting for the Palworld Global Popularity Poll 2026 is officially open!With the launch of version 1.0, our roster has expanded to over 280+ Pals, and every single one of them (plus some in-game human characters) is on the ballot! Whether you’ve been attached to Lamball since day one or fell in love with a newcomer in v1.0, it's time to support your Pals!Cast Your Vote: https://2026.palworld-vote.com/"
2026-09-28T10:10:06+00:00,1623730,1841579228666180,2026-08-20T16:29:47+00:00,PC Gamer,"Palworld and No Man's Sky are intensifying their months-long flirtation, and if those two don't just kiss already, I'm going to lose my mind",https://steamstore-a.akamaihd.net/news/externalpost/PC Gamer/1841579228666180,"Last week, Pocketpair head of publishing and communications John ""Bucky"" Buckley addressed a bubbling conversation about <a href=""https://www.pcgamer.com/games/survival-crafting/palworld-fans-do-not-realize-the-sheer-number-of-collabs-weve-rejected-even-with-the-survival-games-fun-first-approach/"" target=""_blank"">the developer's Palworld collaboration strategy</a>, informing players that they ""simply do not realize the sheer number of collabs we’ve rejected or scrapped"" over a perceived mismatch"
2026-09-28T10:10:06+00:00,1623730,1840944183789606,2026-08-18T18:14:43+00:00,PC Gamer,How to get Chromite in Palworld,https://steamstore-a.akamaihd.net/news/externalpost/PC Gamer/1840944183789606,"Chromite isn't actually rare in <a href=""https://www.pcgamer.com/palworld/"">Palworld</a>, but you've got to have a specific tool (or pal) to mine it, which is different from most other resources. To save you from the guesswork, I'll show you how to use a metal detector to get Chromite initially and also a passive farming solution for bigger hauls so you're set up to make your first batch of Hexolite when you're ready... <a href=""https://www.pcgamer.com/games/survival-crafting/palworld-chromite/?"
2026-09-28T10:10:06+00:00,1623730,1840944183780705,2026-08-14T20:08:31+00:00,PC Gamer,Pocketpair 'not planning to spend a year making a massive update' for Palworld 1.1,https://steamstore-a.akamaihd.net/news/externalpost/PC Gamer/1840944183780705,"<a href=""https://www.pcgamer.com/palworld/"" target=""_blank"">Palworld</a> went into full release in July after more than two years of early access, and it's going pretty well: A massive surge in concurrent players on Steam is slowly settling back down to Earth, but more than a month after that 1.0 launch it's still putting up numbers that haven't been seen since the early days of that early access rollout... <a href=""https://www.pcgamer.com/games/survival-crafting/pocketpair-not-planning-to-spend"
2026-09-28T10:10:06+00:00,1623730,1840944183779702,2026-08-14T13:47:27+00:00,PC Gamer,Palworld fans 'do not realize the sheer number of collabs we've rejected' even with the survival game's 'fun-first approach',https://steamstore-a.akamaihd.net/news/externalpost/PC Gamer/1840944183779702,"The crowning achievement of a game is no longer player count or Metacritic score, it's actually the number of collabs it can squeeze into its lifecycle—soon every game will collab with each other to make one giant game. I can see it coming... <a href=""https://www.pcgamer.com/games/survival-crafting/palworld-fans-do-not-realize-the-sheer-number-of-collabs-weve-rejected-even-with-the-survival-games-fun-first-approach/?utm_source=steam&utm_medium=referral"" target=""_blank"">Read more.</a>"
2026-09-28T10:10:06+00:00,1623730,1840944183772872,2026-08-12T03:13:23+00:00,Community Announcements,v1.0.3: Balance Adjustments & Bug Fixes,https://steamstore-a.akamaihd.net/news/externalpost/steam_community_announcements/1840944183772872,"\Palworld version v1.0.3 has been released! ＝＝＝\▼Items and Equipment ・Changed the unlock level of some Jetragon-related technologies from 79 to 70, and reduced the materials required for the Pal Gear used to ride Jetragon.・Changed the technology unlock level of the Aquatic Construction Kit from Level 66 to Level 23, changed its Ancient Technology Point requirement from 4 to 1, and adjusted the required materials and work amount.・Extended the duration of World Tree Holy Water.・Reduced the weight "
2026-09-28T10:10:06+00:00,1623730,1840310314354123,2026-08-11T09:00:00+00:00,SteamDB,Steam Global Top Sellers for week of 4 Aug — 11 August 2026,https://steamstore-a.akamaihd.net/news/externalpost/SteamDB/1840310314354123,"<a href=""https://steamdb.info/topsellers/2026W33/?utm_source=Steam&utm_medium=Steam&utm_campaign=SteamRSS""> </a> * <a href=""https://steamdb.info/app/1478500/charts/?utm_source=Steam&utm_medium=Steam&utm_campaign=SteamRSS"">Big Walk</a>; * <a href=""https://steamdb.info/app/3787240/charts/?utm_source=Steam&utm_medium=Steam&utm_campaign=SteamRSS"">MARVEL Tōkon: Fighting Souls</a>; * <a href=""https://steamdb.info/app/1091500/charts/?utm_source=Steam&utm_medium=Steam&utm_campaign=SteamRSS"">Cyberpunk 20"
2026-09-28T10:10:06+00:00,1623730,1839676055897393,2026-08-04T09:00:00+00:00,SteamDB,Steam Global Top Sellers for week of 28 Jul — 4 August 2026,https://steamstore-a.akamaihd.net/news/externalpost/SteamDB/1839676055897393,"<a href=""https://steamdb.info/topsellers/2026W32/?utm_source=Steam&utm_medium=Steam&utm_campaign=SteamRSS""> </a> * <a href=""https://steamdb.info/app/3282300/charts/?utm_source=Steam&utm_medium=Steam&utm_campaign=SteamRSS"">Mistfall Hunter</a>; * <a href=""https://steamdb.info/app/1091500/charts/?utm_source=Steam&utm_medium=Steam&utm_campaign=SteamRSS"">Cyberpunk 2077</a>; * <a href=""https://steamdb.info/app/2806050/charts/?utm_source=Steam&utm_medium=Steam&utm_campaign=SteamRSS"">Halo: Campaign Evol"
2026-09-28T10:10:06+00:00,1623730,1839676055891029,2026-08-01T16:13:18+00:00,PCGamesN,Steam gamers have spoken: innovative indies like Palworld continue to thrive while traditional triple-A flounders for a foothold,https://steamstore-a.akamaihd.net/news/externalpost/PCGamesN/1839676055891029,"Looking at the year's big Steam successes, there's a continuing trend of favoring more ambitious projects on PC over triple-A and remakes. Read the full story on PCGamesN: <a href=""https://www.pcgamesn.com/steam/innovation-versus-tradition"">Steam gamers have spoken: innovative indies like Palworld continue to thrive while traditional triple-A flounders for a foothold</a>"
2026-09-28T10:10:06+00:00,1623730,1839676055889695,2026-08-01T01:00:59+00:00,PC Gamer,Palworld 1.0 review,https://steamstore-a.akamaihd.net/news/externalpost/PC Gamer/1839676055889695,"s a child of the '90s-era pocket monster craze, I had what I suspect historians will call Monster-Taming Madness. A not-so-terrible, but sort of annoying affliction that meant I always had a Tamagotchi in my pocket, a handful of Pokémon cards, and the entire Spice Girls discography on standby for summoning creatures from discs in Monster Rancher... <a href=""https://www.pcgamer.com/games/survival-crafting/palworld-review/?utm_source=steam&utm_medium=referral"" target=""_blank"">Read more.</a>"
2026-09-28T10:10:06+00:00,1623730,1839676055885413,2026-07-30T13:49:36+00:00,PCGamesN,Why the Palworld OCG is worth picking up at launch,https://steamstore-a.akamaihd.net/news/externalpost/PCGamesN/1839676055885413,"The all-new Palworld Official Card Game shows plenty of promise, with interesting combos and stunning cards galore based on the hit game. Read the full story on PCGamesN: <a href=""https://www.pcgamesn.com/why-the-palworld-ocg-is-worth-picking-up-at-launch"">Why the Palworld OCG is worth picking up at launch</a>"
2026-09-28T10:10:06+00:00,1623730,1839676055885050,2026-07-30T12:16:34+00:00,Community Announcements,v1.0.2.101103:Bug fixes,https://steamstore-a.akamaihd.net/news/externalpost/steam_community_announcements/1839676055885050,・Fixed an issue where an infinite loading screen would occur after defeating the World Tree boss in some cases.*Crossplay with other platforms will not be affected.
2026-09-28T10:10:06+00:00,1623730,1839676055884093,2026-07-30T03:05:21+00:00,Community Announcements,Mod Support Improvement,https://steamstore-a.akamaihd.net/news/externalpost/steam_community_announcements/1839676055884093,"\Palworld version v1.0.2.100993 has been released! ＝＝＝ ・Made adjustments related to processing in order to improve stability when playing with MODs.Note: This patch is applied to the PC version only, but will not negatively affect crossplay with other versions of the game.＝＝＝Thank you for your continued support of Palworld."
2026-09-28T10:10:06+00:00,1623730,1839676055883473,2026-07-29T20:04:17+00:00,PC Gamer,"Latest Palworld patch keeps Victor & Shadowbeak from accidentally teleporting out of existence, prevents Panthalus from breaking everything",https://steamstore-a.akamaihd.net/news/externalpost/PC Gamer/1839676055883473,"While its 1.0 launch has delivered impressive and continued success to the tune of <a href=""https://alineaanalytics.substack.com/p/palworld-10-pushes-the-hit-over-30m"" target=""_blank"">a few million additional players</a>, Palworld is still a bit squirrelly—particularly when it comes to bosses, who have presented some frustrating bugginess for multiplayer users... <a href=""https://www.pcgamer.com/games/survival-crafting/latest-palworld-patch-keeps-victor-and-shadowbeak-from-accidentally-teleporti"
2026-09-28T10:10:06+00:00,1623730,1839676055881423,2026-07-29T03:08:24+00:00,Community Announcements,v1.0.2: Bug fixes,https://steamstore-a.akamaihd.net/news/externalpost/steam_community_announcements/1839676055881423,"\Palworld version v1.0.2 has been released! This update includes improvements to gameplay stability and fixes for various issues.＝＝＝ ▼Crashes and Disconnections・Fixed an issue where all players could be disconnected during the Panthalus battle on dedicated servers.・Fixed an issue where players could crash during the Panthalus battle on dedicated servers.・Fixed an issue where the game could crash when attempting Japanese text input in fullscreen mode.▼Multiplayer・Fixed an issue where, if a player"
2026-09-28T10:10:06+00:00,227300,1844751498229653,2026-09-27T17:15:16+00:00,PlayGround.ru - официальная группа,SCS Software рассказала о системе переключения режимов для Coaches и Road Trip в ETS2 и ATS,https://steamstore-a.akamaihd.net/news/externalpost/PlayGround.ru - официальная группа/1844751498229653,"SCS Software опубликовала дневник разработки, посвящённый системе переключения режимов для грядущего дополнения Coaches в Euro Truck Simulator 2 и Road Trip в American Truck Simulator. Эта функция связывает разные типы геймплея, позволяя переключаться между карьерой дальнобойщика и поездками за рулём автомобиля или автобуса. Игры серии выходят за пределы грузоперевозок, поэтому разработчики разделили их на три режима: грузовика, автомобиля и автобуса. У каждого свои геймплей, прогрессия и карьер"
2026-09-28T10:10:06+00:00,227300,1844751498224835,2026-09-25T15:00:04+00:00,Community Announcements,Coaches & Road Trip: Mode Switch,https://steamstore-a.akamaihd.net/news/externalpost/steam_community_announcements/1844751498224835,"Ready to hit the road? Today, we're taking a closer look at one of the new systems created for our upcoming Coaches DLC for Euro Truck Simulator 2 and Road Trip for American Truck Simulator; Mode Switch. This feature helps bring different types of gameplay together, allowing you to move between your trucking career and new adventures behind the wheel of a car or coach!ETS2 & ATS are expanding beyond trucking, and with that comes the need to clearly separate the different careers and gameplay exp"
2026-09-28T10:10:06+00:00,227300,1844751498219874,2026-09-23T23:55:15+00:00,PlayGround.ru - официальная группа,"Больше сотни развязок: SCS Software показала, как создаётся Soul of Anatolia для Euro Truck Simulator 2",https://steamstore-a.akamaihd.net/news/externalpost/PlayGround.ru - официальная группа/1844751498219874,"SCS Software выпустила новый дневник разработки дополнения Soul of Anatolia для Euro Truck Simulator 2, посвящённый дорогам и развязкам. О процессе рассказал карт-дизайнер Павел, работающий в студии более семи лет. По его словам, в рамках DLC он проектирует крупные шоссейные развязки и готовит задания для других отделов по префабам, туннелям и светофорам. Только больших развязок на карте будет больше сотни, и главная сложность — уместить их в границах карты, не нарушая требований студии. Развязк"
2026-09-28T10:10:06+00:00,227300,1844751498218702,2026-09-23T15:00:40+00:00,Community Announcements,Soul of Anatolia: Building Intersections with Pavel,https://steamstore-a.akamaihd.net/news/externalpost/steam_community_announcements/1844751498218702,"Today, we’re taking a look behind the scenes of the Soul of Anatolia DLC for Euro Truck Simulator 2, this time focusing on the complex work that goes into creating the roads and intersections that connect its cities and landscapes. We spoke with Pavel, one of our Map Designers, who shared more about his work on the project and the process of building a road network.Hi! My name is Pavel, and I’ve been working at SCS Software as a Map Designer for more than 7 years.For the past two years, I’ve mai"
2026-09-28T10:10:06+00:00,227300,1844115010491203,2026-09-17T07:53:06+00:00,Community Announcements,Euro Truck Simulator 2: 1.61 Update Release,https://steamstore-a.akamaihd.net/news/externalpost/steam_community_announcements/1844115010491203,"We are excited that the 1.61 update for Euro Truck Simulator 2 is now officially released and available on Steam! We hope you will enjoy all the new features, which you can read about in more detail below. We would like to thank everyone who took part in the open beta phase and reported possible issues or any kind of feedback on our forum, as it helped us fine-tune everything for a smooth transition to the full update! We'd also like to thank everyone who participated in the 1.61 Experimental Be"
2026-09-28T10:10:06+00:00,227300,1844115010489381,2026-09-16T15:00:36+00:00,Community Announcements,SCS On The Road: Iceland Research Trip,https://steamstore-a.akamaihd.net/news/externalpost/steam_community_announcements/1844115010489381,"A few weeks ago, we shared a blog from our research trip to Iceland, where the map designers who took part in the journey shared their impressions. Today, we're excited to bring you a big episode of SCS On The Road, where you can experience the research trip in more detail, complete with stunning shots of Iceland's breathtaking landscapes and even some comparisons with the in-game map!Part of our marketing team set out on this journey alongside our map designers to document the unforgettable tri"
2026-09-28T10:10:06+00:00,227300,1843481262697617,2026-09-12T15:00:05+00:00,Community Announcements,World of Trucks: Resuming Events,https://steamstore-a.akamaihd.net/news/externalpost/steam_community_announcements/1843481262697617,"Our dearest community, Earlier this year, we shared that we would be taking a temporary pause from running our World of Trucks events. We also know how much these events mean to our #BestCommunityEver and that many of you have missed taking part. Today, we are pleased to confirm that we have decided to resume our World of Trucks events in the familiar format you already know, while the wider rework continues. This means you can once again look forward to coming together for events throughout the"
2026-09-28T10:10:06+00:00,227300,1843481262695570,2026-09-11T15:00:58+00:00,Community Announcements,Community Stories: Trucker Cassie,https://steamstore-a.akamaihd.net/news/externalpost/steam_community_announcements/1843481262695570,"In today's blog, we bring you another one of our Community Stories. This time with Trucker Cassie, one of the content creators playing our games, who will tell you all about her job as a real-life truck driver, as well as her passion for Euro Truck Simulator 2!You might know Trucker Cassie from her YouTube or Twitch channels, where she regularly posts videos from her life as a truck driver in Scandinavia, and also gameplay live streams, mostly from ETS2. And today, she will tell you all about he"
2026-09-28T10:10:06+00:00,227300,1843481262692495,2026-09-10T15:00:41+00:00,Community Announcements,Isle of Ireland: Cavan,https://steamstore-a.akamaihd.net/news/externalpost/steam_community_announcements/1843481262692495,"Today, we're excited to take you on a journey to another destination coming to the upcoming Isle of Ireland DLC for Euro Truck Simulator 2 - the county town of Cavan!Located in the heart of Ireland's lakeland region, Cavan is known for its picturesque countryside, rolling green landscapes, and rich agricultural heritage. As our map team continues to recreate the unique atmosphere of Ireland, we knew this important regional hub deserved its place on the road network of the Isle of Ireland DLC.Whi"
2026-09-28T10:10:06+00:00,227300,1843481262689336,2026-09-09T15:00:45+00:00,Community Announcements,UK Rework: Historic Bristol,https://steamstore-a.akamaihd.net/news/externalpost/steam_community_announcements/1843481262689336,"Today, we're heading to Bristol, a historic city in the south-west of England known for its harbour, maritime & industrial heritage and iconic landmarks. We’re excited to bring Bristol to life as a brand new city in our UK Rework project for Euro Truck Simulator 2. Our talented map and asset teams have been working hard to recreate its distinctive character, landmarks and industries for players to discover. So, what can you expect to find? Let us show you! Located in the south-west of England, B"
2026-09-28T10:10:06+00:00,227300,1842846814450883,2026-09-06T15:00:15+00:00,Community Announcements,IAA Transportation 2026,https://steamstore-a.akamaihd.net/news/externalpost/steam_community_announcements/1842846814450883,"From the 14th to the 20th of September, members of our team will once again be heading to Hannover, Germany, for IAA TRANSPORTATION 2026, one of the world's leading events for logistics, commercial vehicles, and the transport industry. Having attended IAA in previous years, we’re excited to return in 2026 and meet with many of our friends and partners from across the automotive industry. We’ll also be working alongside a few of our valued partners to bring our truck simulation experience to the "
2026-09-28T10:10:06+00:00,227300,1842846814449212,2026-09-05T15:00:59+00:00,Community Announcements,SCS On The Road: Isle of Ireland Research Trip,https://steamstore-a.akamaihd.net/news/externalpost/steam_community_announcements/1842846814449212,"Recently, we shared a blog with details about our Ireland research trip, where members of our Map team, QA team, and our Road Specialist travelled across the Emerald Isle to gather important references, take photos, and experience the roads and locations that will help us recreate our upcoming Isle of Ireland DLC for Euro Truck Simulator 2. In that blog, we also mentioned that our cameras were rolling throughout the journey, as we worked on a special SCS On The Road episode documenting the trip."
2026-09-28T10:10:06+00:00,227300,1842846814442419,2026-09-03T06:39:34+00:00,Community Announcements,Euro Truck Simulator 2: 1.61 Update Open Beta,https://steamstore-a.akamaihd.net/news/externalpost/steam_community_announcements/1842846814442419,"We're happy to announce that the Open Beta for the 1.61 update for Euro Truck Simulator 2 is now available for players to try out and test. If you choose to participate, we'd greatly appreciate any feedback, bug reports, or issues you encounter being shared in the appropriate section of our official forums. Your feedback and reports are incredibly valuable to our team, and we truly appreciate everyone who takes the time to help us improve the game experience.Players who participated in the Exper"
2026-09-28T10:10:06+00:00,227300,1842212951303496,2026-08-28T15:01:00+00:00,Community Announcements,1.61 Update: Improved Material System Update,https://steamstore-a.akamaihd.net/news/externalpost/steam_community_announcements/1842212951303496,"Today, we bring good news to our #BestCommunityEver! With the upcoming 1.61 update, the improved material system will be implemented on three additional trucks, so read on to find out more!We first introduced the improved material system with the 1.60 update, when it was added to the DAF NGD and MAN TG3 TGX in Euro Truck Simulator 2, and the Mack Anthem and Western Star 49X in American Truck Simulator. With the next update to our games, we will be expanding this feature to the International LT a"
2026-09-28T10:10:06+00:00,227300,1841579228669077,2026-08-21T15:00:47+00:00,Community Announcements,Coaches: Vehicle Ownership & Job Schedule,https://steamstore-a.akamaihd.net/news/externalpost/steam_community_announcements/1841579228669077,"Ready to swap cargo for passengers? Then we've got some exciting news for you! Today, we're sharing more details about the upcoming Coaches DLC for Euro Truck Simulator 2, including coach ownership and how you'll plan and take on passenger transport jobs. All aboard! One of our goals with the Coaches DLC is to give players the opportunity to purchase and customise their own coach, much like you already can with trucks. Coaches will be available for purchase through the Online Dealer and will be "
2026-09-28T10:10:06+00:00,227300,1841579228665911,2026-08-20T15:00:30+00:00,Community Announcements,1.61 Update: Volvo FH Series 6 100 Year Edition,https://steamstore-a.akamaihd.net/news/externalpost/steam_community_announcements/1841579228665911,"We are very excited to join Volvo Trucks in the celebrations of their 100th anniversary by welcoming the Volvo FH Series 6 100 Year Edition to Euro Truck Simulator 2 with the release of the upcoming 1.61 update! Let's take a look at what's in store. Volvo Group was established in 1927 and will be celebrating its 100th anniversary next year. To mark this special occasion, Volvo Trucks is introducing the anniversary edition of their latest model, the Volvo FH Series 6, and we are proud to be bring"
2026-09-28T10:10:06+00:00,227300,1841579228662887,2026-08-19T15:00:17+00:00,Community Announcements,Iceland: Research Trip,https://steamstore-a.akamaihd.net/news/externalpost/steam_community_announcements/1841579228662887,"A few weeks ago, several members of our team embarked on a research trip to Iceland to gather valuable reference material for the upcoming DLC. Let's take a look at what they thought of their journey!The team that traveled to Iceland consisted of the map DLC lead Ivo and two map designers, Ashley and Johana. Travelling with them also were some of our colleagues from the marketing department, as they had the opportunity for the first time to join a research trip and document the whole journey. Th"
2026-09-28T10:10:06+00:00,227300,1840944183774213,2026-08-12T15:00:48+00:00,Community Announcements,Tokyo Games Show 2026,https://steamstore-a.akamaihd.net/news/externalpost/steam_community_announcements/1840944183774213,"We're excited to share that, for the very first time in SCS Software's history, we'll be attending the Tokyo Game Show 2026! We can't wait to meet our community in Japan and be part of one of the world's most iconic gaming events as it celebrates an incredible milestone.This year's edition of Tokyo Game Show is especially significant, marking the event's 30th anniversary. To celebrate this special occasion, TGS 2026 will take place over five full days, from September 17th to 21st, bringing toget"
2026-09-28T10:10:06+00:00,227300,1840310314347610,2026-08-08T15:00:33+00:00,Community Announcements,Isle of Ireland: Research Trip,https://steamstore-a.akamaihd.net/news/externalpost/steam_community_announcements/1840310314347610,"What's the best way to capture the spirit of Ireland? Hit the road, of course! In June, members of our Euro Truck Simulator 2 map team travelled across the Emerald Isle on a research trip for our upcoming Isle of Ireland DLC. With cameras in hand and thousands of kilometres ahead, they explored everything from lively cities and picturesque villages to rugged coastlines and breathtaking scenery, collecting the references that will help shape this exciting expansion. Here are some of their highlig"
2026-09-28T10:10:06+00:00,227300,1839676055882766,2026-07-29T15:00:34+00:00,Community Announcements,Soul of Anatolia: New Assets to Build the World With,https://steamstore-a.akamaihd.net/news/externalpost/steam_community_announcements/1839676055882766,"Today, we'd like to give you a glimpse of our work on the Soul of Anatolia DLC for Euro Truck Simulator 2 by showcasing some of the new assets we've been creating to make this map expansion unique!Because the DLC is still very much a work in progress, it's not quite the right time to start previewing specific locations, as our map designers are still bringing them to life. Instead, we'd like to share a selection of the 3D models that our assets team has been hard at work creating, displayed in a"
2026-09-28T10:10:06+00:00,359550,1844751498218701,2026-09-23T15:00:40+00:00,Community Announcements,A New Kind of Competition Arrives in Siege,https://steamstore-a.akamaihd.net/news/externalpost/steam_community_announcements/1844751498218701,"Wasteland Circuit Is Here {STEAM_CLAN_IMAGE}/8328525/68498a7d5c9b76477e1e19fbb8f149c50027d929.jpg The race is on. For the first time in Rainbow Six Siege, drones take center stage in a brand-new limited-time event. Race through custom-built tracks filled with obstacles, shortcuts, and high-speed challenges in Wasteland Circuit. Watch the trailer and discover everything the event has to offer. Explore the Track {STEAM_CLAN_IMAGE}/8328525/9d75d2821e8d9f988d641b7f09ffff55f6a18c95.jpg Every second c"
2026-09-28T10:10:06+00:00,359550,1844751498218381,2026-09-23T13:00:24+00:00,PlayGround.ru - официальная группа,"Rainbow Six Siege получила патч Y11S3.1 - несколько оперативников усилили, а десятки ошибок исправили",https://steamstore-a.akamaihd.net/news/externalpost/PlayGround.ru - официальная группа/1844751498218381,"Rainbow Six Siege обновилась до версии Y11S3.1, которая внесла точечные изменения в баланс оперативников и исправила большое количество ошибок. Масштабной перестройки меты патч не предлагает, однако сразу несколько персонажей получили небольшие усиления. Боезапас Skeleton Key Баку увеличили с 31 до 36 патронов, а Каслу теперь требуется десять ударов для разрушения Armor Panel вместо девяти. F-NATT Dread Mine Фенрира быстрее достигает максимальной дальности действия газа — за 1,9 секунды вместо д"
2026-09-28T10:10:06+00:00,359550,1844751498217908,2026-09-23T09:41:20+00:00,Community Announcements,Y11S3.1 PATCH NOTES,https://steamstore-a.akamaihd.net/news/externalpost/steam_community_announcements/1844751498217908,"See everything included in the Y11S3.1 update.REFINEMENT CHANGESThese are small adjustments that don’t aim to alter an Operator’s overall power level or flexibility. Instead, they focus on polishing gameplay details, improving consistency, and enhancing quality-of-life without shifting the meta. Our goal is to maintain a steady stream of these refinements alongside major updates, helping the game evolve and improve at a constant pace.BUCKThis allows Buck to maintain his presence for longer, enab"
2026-09-28T10:10:06+00:00,359550,1844115010504944,2026-09-22T17:00:22+00:00,PlayGround.ru - официальная группа,"Создатели Rainbow Six Siege признали неизбежный отток игроков из-за GTA 6 и готовят ""сюрпризы""",https://steamstore-a.akamaihd.net/news/externalpost/PlayGround.ru - официальная группа/1844115010504944,"Ubisoft ожидает, что релиз GTA 6 в ноябре заметно повлияет на онлайн Rainbow Six Siege, однако команда игры не собирается просто пережидать этот период. По словам креативного директора Rainbow Six Siege Джошуа Миллса, игроки, которые останутся в игре, получат максимум внимания со стороны разработчиков. «Неважно, какой у вас жанр — после выхода GTA 6 вы почувствуете удар. Люди будут играть в неё, а потом вернутся. Чёрт, мы все будем играть в неё», — заявил Миллс в разговоре с The Game Business. П"
2026-09-28T10:10:06+00:00,359550,1844115010504556,2026-09-22T15:24:26+00:00,PlayGround.ru - официальная группа,Молодое поколение геймеров ломает тактическую механику Rainbow Six Siege беготней в стиле Рэмбо,https://steamstore-a.akamaihd.net/news/externalpost/PlayGround.ru - официальная группа/1844115010504556,"Аудитория тактического шутера Rainbow Six Siege переживает масштабный демографический сдвиг, спровоцировавший серьезные изменения в геймплее и сетевом коде. Креативный директор проекта в студии Ubisoft Montreal Джошуа Миллс подтвердил, что в проект массово приходят более молодые пользователи с совершенно иными привычками. Новое поколение геймеров игнорирует позиционное планирование и пытается навязать игре темп аркадных сетевых боевиков, что вынуждает разработчиков жестко отстаивать базовые прин"
2026-09-28T10:10:06+00:00,359550,1844115010492911,2026-09-17T18:00:52+00:00,Community Announcements,Save up to 90% on games during the Ubisoft 40th Publisher Sale!,https://steamstore-a.akamaihd.net/news/externalpost/steam_community_announcements/1844115010492911,"Until October 1, join us in celebrating 40 years of gaming! Save up to 90% on top games and DLC, including Rainbow Six Siege and more. https://store.steampowered.com/app/359550?utm_source=partner-site&utm_medium=partner&utm_campaign=ubi40-sale_2609&utm_content=banner"
2026-09-28T10:10:06+00:00,359550,1842846814455551,2026-09-08T13:00:29+00:00,Community Announcements,3v3 Arcade Is Here. Squad Up and Jump In,https://steamstore-a.akamaihd.net/news/externalpost/steam_community_announcements/1842846814455551,"A Fresh Way to Play Siege Available from September 8 to September 21, the new 3v3 Arcade limited-time mode introduces a faster and more accessible way to experience Rainbow Six Siege. Built around smaller teams and shorter matches, 3v3 Arcade delivers quick action while preserving the tactical gameplay that defines Siege. Smaller Teams. Faster Matches. Whether you're looking for a break from Ranked or want to jump into a quick session with friends, 3v3 Arcade offers a fresh experience with lower"
2026-09-28T10:10:06+00:00,359550,1842846814440239,2026-09-02T13:02:35+00:00,Community Announcements,R6S Community Checkpoint [REPLAY] - Gamescom Day 4,https://steamstore-a.akamaihd.net/news/externalpost/steam_community_announcements/1842846814440239,Join us for a replay of the Rainbow Six Siege Community Checkpoint. Recorded LIVE on Day 4 of Gamescom 2026.
2026-09-28T10:10:06+00:00,359550,1842212951313816,2026-09-01T15:33:33+00:00,Community Announcements,Y11S3 PATCH NOTES ADDENDUM,https://steamstore-a.akamaihd.net/news/externalpost/steam_community_announcements/1842212951313816,You can find here the updates and fixes made over the course of the Y11S3 Season Test Server.BUG FIXESGAMEPLAYFixed – AI training bots will try to break Azami's Kiba Barriers instead of navigating around them.Fixed – AI training bots do not spawn in the Yacht map of the Clear House playlist.Fixed – AI training bots rappel slowly.Fixed – Players cannot aim down sights using the iron sights on the Bearing 9 or Super Shorty.Fixed – Several tutorial objectives in the Shooting Range cannot be complet
2026-09-28T10:10:06+00:00,359550,1842212951313694,2026-09-01T15:00:44+00:00,Community Announcements,Noor Arrives in Operation Split Fire,https://steamstore-a.akamaihd.net/news/externalpost/steam_community_announcements/1842212951313694,"Operation Split Fire Is Live Year 11 Season 3 has arrived. Step into Operation Split Fire and experience new tactical opportunities with Noor, Rainbow Six Siege's first Egyptian Defender. Armed with the Horus Lance Launcher, Noor can pressure attackers through walls, floors, ceilings, and even shields, creating powerful new defensive strategies. Meet Noor Noor joins Team Rainbow Six Siege as a Defender built to challenge shield operators and disrupt attacker momentum. His unique gadget fires pie"
2026-09-28T10:10:06+00:00,359550,1842212951299253,2026-08-27T08:04:58+00:00,Community Announcements,Tom Clancy's Rainbow Six Tactics Is Revealed,https://steamstore-a.akamaihd.net/news/externalpost/steam_community_announcements/1842212951299253,"TACTICAL. TURN-BASED. RAINBOW SIX. Tom Clancy’s Rainbow Six Tactics is a single-player, turn-based tactical game set in the iconic Rainbow Six universe. Step into the role of commander, rebuild the unit, and deploy elite operators across dangerous missions worldwide to stop a shadowy conspiracy. https://store.steampowered.com/app/3621390 COMMAND OPERATOR SQUADS IN TENSE BATTLES https://ubistatic-a.akamaihd.net/0175/CRM/STEAM/SND/V1_B2.gif Assemble squads of operators, each with signature abiliti"
2026-09-28T10:10:06+00:00,359550,1842212951296828,2026-08-26T13:00:26+00:00,Community Announcements,Don't miss Rainbow Six Siege Live at Gamescom!,https://steamstore-a.akamaihd.net/news/externalpost/steam_community_announcements/1842212951296828,"Rainbow Six Siege takes center stage at Gamescom 2026. Join us for a dedicated afternoon packed with developer insights, community activities, and special guests live from the Ubisoft Community Lounge. Saturday, August 29th • from 4:00 PM CEST to 7:00 PM CEST Rainbow 6 Siege x Rainbow 6 Tactics - Bridging Worlds & Stories - 16:00 CEST Rainbow 6 Siege Community Checkpoint - 17:00 CEST Watch on YouTube | Watch on Twitch | Check the Schedule"
2026-09-28T10:10:06+00:00,359550,1840944183786302,2026-08-17T15:01:38+00:00,Community Announcements,Y11S3 DESIGNER'S NOTES,https://steamstore-a.akamaihd.net/news/externalpost/steam_community_announcements/1840944183786302,"In this latest edition of Designer’s Notes, we'll go into more detail about the balancing changes coming with Y11S3 and share insight into the reasons behind them.WIN DELTA VS. PRESENCE AND TOP OPERATOR BANS\ WIN DELTA VS. PRESENCE\ WIN DELTA VS. PRESENCE \ TOP OPERATOR BANS\ TOP OPERATOR BANS MAJOR CHANGESDOKKAEBIWe want to reinforce interactivity and counterplay during the execution of the Jegeo Payload, while ensuring Dokkaebi's success depends on positioning, timing, and risk management.Requ"
2026-09-28T10:10:06+00:00,359550,1840944183783859,2026-08-16T13:00:08+00:00,Community Announcements,Operation Split Fire Revealed,https://steamstore-a.akamaihd.net/news/externalpost/steam_community_announcements/1840944183783859,"Operation Split Fire Operation Split Fire introduces a new chapter for Rainbow Six Siege. From the arrival of Noor to the launch of Legend Division, targeted map updates, and new gameplay experiences, Season 3 expands the tactical possibilities available to every player. Get a complete look at the features, updates, and content coming throughout the season. Meet Noor {STEAM_CLAN_IMAGE}/8328525/a0dd87b05288c2160ff583ae610cbb65824eb085.jpg Noor joins Team Rainbow as the first Egyptian Operator in "
2026-09-28T10:10:06+00:00,359550,1840944183782602,2026-08-15T16:46:24+00:00,PCGamesN,"Rainbow Six Siege Season 3 adds drone racing, and an operator ""to break the shield meta wide open""",https://steamstore-a.akamaihd.net/news/externalpost/PCGamesN/1840944183782602,"The Rainbow Six Siege Year 11, Season 3 update is Operation Split Fire, and it adds Egyptian defense operator Noor to the competitive FPS. Read the full story on PCGamesN: <a href=""https://www.pcgamesn.com/rainbow-six-siege/y11s3-operation-split-fire"">Rainbow Six Siege Season 3 adds drone racing, and an operator ""to break the shield meta wide open""</a>"
2026-09-28T10:10:06+00:00,359550,1840310314339502,2026-08-05T15:30:56+00:00,Community Announcements,Rengoku Returns: Battle for Glory from August 5 to August 26,https://steamstore-a.akamaihd.net/news/externalpost/steam_community_announcements/1840310314339502,"Rengoku Is Live From August 5 to August 26, step into a renewed Rengoku experience. Face supernatural forces, seize powerful rewards, and fight for control in battles shaped by myth and legend. A Skyscraper Transformed {STEAM_CLAN_IMAGE}/8328525/19b43ff799f4fbe03f6150f15094687307912c27.jpg Fight across a reimagined version of Skyscraper, stripped of modern distractions and reshaped by ancient forces. Capture shifting Altars, take control, and adapt as the fight moves across the map. Build Your R"
2026-09-28T10:10:06+00:00,359550,1839676055897412,2026-08-04T13:44:13+00:00,Community Announcements,Y11S2.3 PATCH NOTES,https://steamstore-a.akamaihd.net/news/externalpost/steam_community_announcements/1839676055897412,"See the upcoming changes with the release of Y11S2.3.CHANGES TO OPERATORSHIBANA""Hibana's X-Kairos already offers a high degree of flexibility, but deploying pellets can sometimes leave her exposed for longer than intended. This small adjustment reduces the delay before detonation, allowing her to act more quickly after committing utility.""X-KAIROSX-Kairos detonation timer reduced to 3.8s (was 4s).MAVERICK""Resource management is a core part of Maverick's gameplay. Increasing the available fuel gi"
2026-09-28T10:10:06+00:00,359550,1838407329257158,2026-07-16T16:10:43+00:00,Community Announcements,Rainbow Six Siege Mid-Season Update: Everything You Need to Know,https://steamstore-a.akamaihd.net/news/externalpost/steam_community_announcements/1838407329257158,"Operation System Override took Rainbow Six Siege by storm when it launched on June 2, bringing a major Dokkaebi rework, the new-yet-familiar Calypso Casino map, and a competitive overhaul with Ranked 3.0. Now, halfway through the season, the development team is implementing additional Operator balancing, mouse and keyboard support for consoles, a limited-time event, a Ranked map rotation, and rotating Operator trials. 1v1 Arcade Returns Today The fan-favorite limited-time event is back, bringing"
2026-09-28T10:10:06+00:00,359550,1838407329254475,2026-07-15T15:05:21+00:00,Community Announcements,DESIGNER'S NOTES: Y11S2.2 MID-SEASON UPDATE,https://steamstore-a.akamaihd.net/news/externalpost/steam_community_announcements/1838407329254475,"In this latest edition of Designer’s Notes, we'll take a deeper dive into the balancing changes introduced in the Mid-Season Update.WIN DELTA VS. PRESENCE AND TOP OPERATOR BANS\ WIN DELTA VS. PRESENCE\ WIN DELTA VS. PRESENCE\ TOP OPERATOR BANS\ TOP OPERATOR BANSOPERATOR BALANCINGWAMAIWamai and Jäger occupy a similar space as projectile denial operators, and our goal is to maintain their shared role while further differentiating their gameplay. Wamai’s ability has always offered more flexibility "
2026-09-28T10:10:06+00:00,359550,1837955055365693,2026-07-14T10:08:48+00:00,Community Announcements,Y11S2.2 MID-SEASON PATCH NOTES,https://steamstore-a.akamaihd.net/news/externalpost/steam_community_announcements/1837955055365693,"See the upcoming changes with the release of Y11S2.2.MOUSE & KEYBOARD SUPPORT ON CONSOLESM&K is coming to consoles! Their use will be allowed in the PC crossplay pool, but will still be forbidden in other pools. Teams with console players will have stronger communication, as M&K makes text chat available to all. You can decide whether a Custom Game allows mouse and keyboard with a new Input Device option added to match settings.ARCADE 1v1 BOMB1v1 is back. After listening closely to community fee"
2026-09-28T10:10:06+00:00,1966720,1828894815563326,2026-04-05T08:27:11+00:00,Community Announcements,Version 80 - The Blooming Update,https://steamstore-a.akamaihd.net/news/externalpost/steam_community_announcements/1828894815563326,"Hello, Version 80 is out of beta! This update has 3 new creatures for the forest moons (and a returning creature), the utility slot which is a spot dedicated to purchased tools, a few new rooms for the facility interior, a complete rework to March's exterior + foliage updates for Vow and Adamance, new graphics and accessibility settings, and numerous bugfixes, performance optimizations, and small improvements.Version 85 should hopefully come soon and be much more ""content-focused"", whereas this "
2026-09-28T10:10:06+00:00,1966720,1828441623109104,2026-03-30T05:59:41+00:00,Community Announcements,Version 80 Beta!,https://steamstore-a.akamaihd.net/news/externalpost/steam_community_announcements/1828441623109104,"Hello, long time no see! Version 80 is out in beta for you to test. You can access it by opting into the public beta branch for Lethal Company on Steam. V80 brings a complete rework of March's exterior, a wide range of bugfixes, performance improvements, and other improvements, 3 new creatures (and a returning creature), a few new rooms for the factory interior, and the utility slot. This update isn't quite as content-heavy as it is feature-focused, but it sets up the game with all sorts of unde"
2026-09-28T10:10:06+00:00,1966720,1811772772540321,2025-10-04T11:40:12+00:00,Community Announcements,Handy Patch V73,https://steamstore-a.akamaihd.net/news/externalpost/steam_community_announcements/1811772772540321,"Hello, I'm back with a minor security patch, so make sure to play on the newest version. I've also made adjustments to the scrap which can spawn on Dine, so you should check that out.I am still working on my text-based adventure Welcome To The Dark Place, which will be released for free on October 24. After that I'll come back to Lethal Company. See you soon!"
2026-09-28T10:10:06+00:00,1966720,1801617199407807,2025-06-06T00:21:24+00:00,Community Announcements,V72 Bug fix patch,https://steamstore-a.akamaihd.net/news/externalpost/steam_community_announcements/1801617199407807,"Hi, here is another round of bug fixes for things mostly to do with V70 additions. - Fixed an issue where the clock and candy scrap were not spawning - Fixed an issue where enemies could not navigate onto the bedroom bed or onto the car in the garage in mansion interiors. - Fixed enemy interaction with the bathroom shower door in the mansion interior - Fixed an issue where gift boxes were not spawning items randomly and would all contain the same item depending on the moon. - Fixed the bird bein"
2026-09-28T10:10:06+00:00,1966720,1801617199346487,2025-06-04T04:03:21+00:00,Community Announcements,V71 Bug fix patch,https://steamstore-a.akamaihd.net/news/externalpost/steam_community_announcements/1801617199346487,"Hi, I fixed some problems. - Fixed an issue preventing players from opening the buyable fridge - Fixed a lamp that was floating off the wall in Dine's exterior - Fixed weedkiller sounds being global - Fixed an issue where the small stairwell in the mansion interior could lead up to the greenhouse room, which made it impossible to fit through the doorway due to the railing. - Made the fog in Vow more gradual vertically, where before it used to cut off harshly at the top of the valley - Fixed some"
2026-09-28T10:10:06+00:00,1966720,1800991756437926,2025-06-02T11:19:33+00:00,PC Gamer,"Lethal Company's biggest update for months is finally out, and with it comes the much awaited first look at a new monster",https://steamstore-a.akamaihd.net/news/externalpost/PC Gamer/1800991756437926,"It's been a hot minute since we got an update for <a href=""https://www.pcgamer.com/uk/lethal-company/"" target=""_blank"">Lethal Company</a>, but Zeekerss has finally answered players' hopes and wishes with a chunky slab of new content. Available to play right now, v70 brings an update to the mansion, overhauled features, and probably the best part, a scary new monster... <a href=""https://www.pcgamer.com/games/horror/lethal-companys-biggest-update-for-months-is-finally-out-and-with-it-comes-the-muc"
2026-09-28T10:10:06+00:00,1966720,1800991756395986,2025-06-01T03:43:51+00:00,Community Announcements,V70 - The Incubating Update,https://steamstore-a.akamaihd.net/news/externalpost/steam_community_announcements/1800991756395986,"Long time no see. The Company has a new update for all you hard workers. Patch Notes - Overhauled the radar Added a face cam which allows you to see your fellow employees on the terminal. Reworked the radar's appearance, now using 2D sprites to display rooms. Added a compass to the HUD and to the terminal; pinging your scanner makes it more visible at the bottom of the screen. Added a line on the radar which shows the path from the currently viewed player to the exit. Added contour lines to repr"
2026-09-28T10:10:06+00:00,1966720,1800991756276384,2025-05-28T11:43:01+00:00,"Rock, Paper, Shotgun","Lethal Company's next monster ""does things that make absolutely no sense, just because it can""","https://steamstore-a.akamaihd.net/news/externalpost/Rock, Paper, Shotgun/1800991756276384","Ho, Lethal Companions! Put down your airhorns, let fall your precious armfuls of plastic fish, and prick up your freakin' ears. Something is coming to 2023's breakout <a href=""https://www.rockpapershotgun.com/the-best-horror-games"">horror</a> multiplayer game. Something that will make the music boxes and springhead marionettes look like child's playthings! I mean, like the child's playthings they already look like, but without the parts that make them horrifying. That something is... to be annou"
2026-09-28T10:10:06+00:00,1966720,1800991756273591,2025-05-28T09:52:34+00:00,PC Gamer,The 'most powerful creature in the game' is about to be unleashed into Lethal Company as part of its first update in months,https://steamstore-a.akamaihd.net/news/externalpost/PC Gamer/1800991756273591,"Whispers of <a href=""https://www.pcgamer.com/uk/lethal-company/"" target=""_blank"">Lethal Company</a>'s first update in months have been circulating for a while now, but it seems like we are getting a lot closer to a release date after the dev shared some new information about its content... <a href=""https://www.pcgamer.com/games/horror/the-most-powerful-creature-in-the-game-is-about-to-be-unleashed-into-lethal-company-as-part-of-its-first-update-in-months/?utm_source=steam&utm_medium=referral"" ta"
2026-09-28T10:10:06+00:00,1966720,1797820624620493,2025-04-29T11:22:15+00:00,PC Gamer,"Lethal Company dev is currently sitting on an update, but might 'give it a couple of weeks and add a creature or two' instead",https://steamstore-a.akamaihd.net/news/externalpost/PC Gamer/1797820624620493,"<a href=""https://www.pcgamer.com/uk/lethal-company/"" target=""_blank"">Lethal Company </a>developer <a href=""https://x.com/ZeekerssRBLX/status/1916892693667479903?ref_src=twsrc%5Egoogle%7Ctwcamp%5Eserp%7Ctwgr%5Etweet"">Zeekerss took to X</a> yesterday to share news on the game's upcoming update. In the post, they stated that they were ""at a moment where I'm deciding to release a low-key interiors update for Lethal right now, or give it another couple of weeks and add a creature or two, and I think "
2026-09-28T10:10:06+00:00,1966720,1796551539191703,2025-04-09T16:33:54+00:00,PC Gamer,"'I'm still loving this game after 50 hours': Lethal Company solo dev has been inspired by REPO to carry on work, 'My energy level is suddenly very high'",https://steamstore-a.akamaihd.net/news/externalpost/PC Gamer/1796551539191703,"Work on <a href=""https://www.pcgamer.com/lethal-company/"" target=""_blank"">Lethal Company</a> has slowed down a bit; it's been four months since the last update. This is mostly due to the developer, Zeekerss, focus shifting to a new game and a creativity block. But it seems that playing the new popular co-op horror game <a href=""https://www.pcgamer.com/repo/"" target=""_blank"">REPO</a> has helped them gain some inspiration... <a href=""https://www.pcgamer.com/games/horror/im-still-loving-this-game-a"
2026-09-28T10:10:06+00:00,1966720,1794102528204106,2025-03-17T13:22:03+00:00,PC Gamer,'REPO is fun': Lethal Company creator recants their criticism of the new co-op horror game after trying to move a grand piano through a mansion,https://steamstore-a.akamaihd.net/news/externalpost/PC Gamer/1794102528204106,"REPO is the newest co-op horror game to take on <a href=""https://www.pcgamer.com/lethal-company/"" target=""_blank"">Lethal Company</a>. Both games pit a crew of players against dangerous monsters in confusing maps as they try to collect as much loot as possible, but despite this competition, Lethal Company's creator, Zeekerss, only has helpful advice for the devs over at Semiwork... <a href=""https://www.pcgamer.com/games/horror/repo-is-fun-lethal-company-creator-recants-their-criticism-of-the-new-"
2026-09-28T10:10:06+00:00,1966720,1785774543572415,2024-12-13T23:08:24+00:00,Community Announcements,Jolly Patch V69,https://steamstore-a.akamaihd.net/news/externalpost/steam_community_announcements/1785774543572415,Merry Christmas! - I added snowmen around the ice planets - I fixed some wonky behavior with the masked enemy that had to do with the elevator - Presents are more likely to spawn
2026-09-28T10:10:06+00:00,1966720,6212245217911777747,2024-10-23T04:53:50+00:00,Community Announcements,1 Year Anniversary!,https://steamstore-a.akamaihd.net/news/externalpost/steam_community_announcements/6212245217911777747,"I released Version 65 which is a tiny update for Lethal Company's first birthday. You've been working around the clock for a whole year, you deserve a bonus! Temporary changes for the anniversary: - Added birthday hats on each player, and the default suit is the original brown - There is an 8% chance for a hoarding bug infestation - Increased frequency of sales in the store - Buying and keeping furniture in the ship now gains you ""luck"", which is factored into the amount that the quota increases"
2026-09-28T10:10:06+00:00,1966720,6242640076595327323,2024-09-05T03:59:37+00:00,Community Announcements,The Bag Patch - Version 64,https://steamstore-a.akamaihd.net/news/externalpost/steam_community_announcements/6242640076595327323,"Hello, I'm back with another smaller update. While working on this, I started losing steam, even though I was happy with the direction things are going. So I decided to switch to another project for a while (Welcome To The Dark Place) with the hopes of finishing it soon. Rather than holding onto this update I'm releasing it now as V64 since it has a couple nice features: - The tactical belt bag can now be bought from the terminal. It holds 15 non-scrap items and can be accessed by other players "
2026-09-28T10:10:06+00:00,1966720,6909171012614570560,2024-08-20T17:41:10+00:00,Community Announcements,V62 Patch,https://steamstore-a.akamaihd.net/news/externalpost/steam_community_announcements/6909171012614570560,"Here is a list of fixes and changes. boo Mineshaft - Fixed an error with inverse teleporters when the mineshaft was present - Fixed an issue where a room could overlap with the mineshaft entrance room. - Fixed an issue where a specific corner could be walked through in the caves - Fixed an issue where the Maneater would freeze if it was crushed by a spike trap as a baby. - Fixed table props not being able to spawn in the mineshaft, which could dramatically reduce its scrap count. - Fixed an inco"
2026-09-28T10:10:06+00:00,1966720,6909171012603398735,2024-08-17T16:07:50+00:00,Community Announcements,Small Patch V61,https://steamstore-a.akamaihd.net/news/externalpost/steam_community_announcements/6909171012603398735,"Hello, V61 is a patch/hotfix for a few things. - The bestiary entry for the Maneater should now be functional. - An additional 6 scrap now spawns within the mineshaft to reflect its high risk. * There is also evidently some inconsistency with the amount of scrap spawning in the mineshaft, and I will look into that. - Coilheads will not move when looked at, under any circumstances, including if they cannot reach the player that is looking at them. - Fixed desync in the Maneater's position when it"
2026-09-28T10:10:06+00:00,1966720,6909171012602420129,2024-08-17T09:41:19+00:00,Community Announcements,Version 60 - The Stuffy Update,https://steamstore-a.akamaihd.net/news/externalpost/steam_community_announcements/6909171012602420129,"Hello! I am happy to bring you Version 60. This update most prominently features a new interior which is common on Offense, Vow, Dine, and Artifice but can appear on any moon. Patch notes: - Removed the Kidnapper Fox (for now) - Removed the Bog Crawler - Removed the Goopy Goblin - Made changes to the Dine entrance positions - Changes to coilheads: * Coilheads now enter a recharge phase after chasing you for a certain distance. * Coilheads can lose track of you after a long time of being out of r"
2026-09-28T10:10:06+00:00,1966720,5842939267343376814,2024-07-06T19:56:00+00:00,Community Announcements,Version 55 - The Cruising Update,https://steamstore-a.akamaihd.net/news/externalpost/steam_community_announcements/5842939267343376814,"Hello, Version 55 is here! This update is mainly just the Company Cruiser, an epic luxury transportation vehicle, capable of transporting an unimaginable amount of scrap all at once. There are also two new creatures and some fixes. Also, you can buy weed killer. Fixes: Fixed some desync problems with the position of nutcrackers and mechs Fixed inconsistent damage numbers or just totally whiffing when attacking creatures with weapons. Fixed inconsistent damage numbers when hitting other players w"
2026-09-28T10:10:06+00:00,1966720,5842939267328300326,2024-07-02T16:32:51+00:00,PC Gamer,Lethal Company's next update introduces monsters that'll kidnap you and cut you up as well as its first and only vehicle,https://steamstore-a.akamaihd.net/news/externalpost/PC Gamer/5842939267328300326,"<a href=""https://www.pcgamer.com/uk/lethal-company/"" target=""_blank"">Lethal Company</a> just got a new major update and it&apos;s going to add even more monsters, as well as a van which you can use to run over entities or annoying teammates. The Company Cruiser is the first (and currently only) vehicle in the game and is now the best option available to transport loads of scrap from the facility to your ship... <a href=""https://www.pcgamer.com/games/horror/lethal-companys-next-update-introduces-"
